,1_times_lag3,2_times_lag3,3_times_lag3,4_times_lag3,5_times_lag3,6_times_lag3,7_times_lag3,8_times_lag3,9_times_lag3,10_times_lag3,11_times_lag3,12_times_lag3,13_times_lag3,14_times_lag3,15_times_lag3,16_times_lag3,17_times_lag3,18_times_lag3,19_times_lag3,20_times_lag3,test_percentage
0,-1.8771157,-2.0749426,-1.9421262,-1.9208701,-1.9133981,-1.7495646,-1.824972,-1.8519468,-1.8809943,-1.7631073,-1.9398534,-1.7926958,-1.962154,-1.7463495,-1.9771901,-1.9163322,-1.8229607,-2.0653985,-1.9047775,-1.876685,-0.2400000000000091
1,-0.24895054,-0.39900908,-0.23216584,-0.35661608,-0.34897926,-0.15590498,-0.16915815,-0.28304434,-0.25859183,-0.21444811,-0.29805914,-0.18461429,-0.23490542,-0.15070294,-0.28696764,-0.2297415,-0.15975589,-0.37457287,-0.34555215,-0.19505596,14.22999999999979
2,13.837898,13.738115,14.270623,13.934419,13.597183,14.287324,14.059378,13.992993,13.42202,13.833871,13.744585,14.167431,14.105259,14.268095,14.110843,14.099922,13.624225,13.936899,14.373893,14.094572,-1.6699999999998454
3,-1.6115696,-1.7941945,-1.7353413,-1.5907092,-1.8511269,-1.5337842,-1.6746348,-1.3618914,-1.750305,-1.4621807,-1.6811583,-1.7855024,-1.6495972,-1.638113,-1.7545437,-1.7062674,-1.788081,-1.9890004,-1.3908575,-1.509765,6.3599999999999
4,6.4227242,6.20305,6.3847895,6.1392717,6.0627885,6.428884,6.348017,5.7799673,6.131511,5.9606576,6.3279943,6.2029448,6.4172115,6.355645,6.306722,6.4732795,6.3246036,6.0543203,6.2159944,6.723955,-2.7100000000000364
5,-2.768775,-2.7712688,-2.840972,-2.6113017,-2.6527538,-2.4592428,-2.7193952,-2.5596297,-2.7632248,-2.5649357,-2.8416867,-2.5675843,-2.7509089,-2.5582223,-2.8397834,-2.7233336,-2.818151,-2.9714634,-2.6069086,-2.7080436,-2.349999999999909
6,-2.2089083,-2.5793557,-2.3550453,-2.4387748,-2.5491548,-2.177617,-2.2935925,-2.4010725,-2.219861,-2.223498,-2.246346,-2.2660146,-2.3407328,-2.1313348,-2.2111886,-2.302178,-2.2533898,-2.5178528,-2.4326198,-2.2749844,-1.75
7,-1.7706027,-1.8575623,-1.8064477,-1.8267,-1.7783456,-1.6677734,-1.9044496,-1.7558569,-1.7110703,-1.7501913,-1.7385061,-1.6265092,-1.8787807,-1.6882672,-1.8094064,-1.8678651,-1.6059815,-1.7998143,-1.8673795,-1.8823646,4.730000000000018
8,4.5780935,4.669974,4.7516723,4.630651,4.5535693,4.8073316,4.7873898,4.696058,4.448927,4.728047,4.5175424,4.8258514,4.79942,4.881251,4.6657248,4.7750735,4.6035924,4.53149,4.823016,4.717001,11.480000000000018
9,11.158682,10.959025,11.507873,11.216477,10.837513,11.585008,11.238197,11.312274,10.8856945,11.2926035,10.965582,11.422274,11.274182,11.394949,11.374921,11.279337,11.047093,11.254776,11.738921,11.404311,-2.2000000000000455
10,-2.1060407,-2.3938713,-2.2914357,-2.1986175,-2.354066,-1.9875875,-2.1711812,-1.9519873,-2.1997056,-2.0870156,-2.1262012,-2.3528144,-2.2494617,-2.0848854,-2.271816,-2.0674422,-2.4160242,-2.437382,-1.8693936,-1.9711391,9.480000000000018
11,9.3346405,9.310099,9.490715,9.0656595,8.954284,9.6028185,9.339256,8.910228,9.107406,8.977359,9.154475,9.287195,9.493932,9.419658,9.310692,9.555739,9.244681,9.248662,9.37532,9.749955,1.7799999999999727
12,1.7116935,1.7177601,1.6845636,1.6974005,1.5775291,1.927377,1.846524,1.8912158,1.4660419,1.9586743,1.7086469,1.7890756,1.7670913,1.6774403,1.8180257,1.7546055,1.7329816,1.5233207,2.146692,1.9215634,-13.099999999999909
13,-12.795469,-13.41425,-12.692516,-12.820867,-12.953529,-12.446669,-12.764969,-12.323174,-12.614151,-12.617396,-12.559755,-12.750859,-12.973512,-12.231635,-12.306415,-12.764263,-13.048321,-12.907428,-12.492687,-13.225631,-1.6600000000000819
14,-1.481032,-1.8327366,-1.5534359,-1.9392397,-1.9157066,-1.4063371,-1.7235491,-1.5998206,-1.7624984,-1.7490649,-1.2647806,-1.5636121,-1.644338,-1.5861449,-1.2592314,-1.7022876,-1.6825882,-1.4934618,-1.7889987,-1.4984697,3.089999999999918
15,2.9765873,3.071507,3.0525117,2.9147952,2.9530892,3.1805189,2.9600654,3.2346513,2.6141293,3.1548252,3.0322695,3.382202,2.9179003,3.1830657,2.815755,2.8855321,3.0393963,2.8972783,3.1730294,2.7209852,7.490000000000009
16,7.285766,7.169884,7.5195603,7.3101563,7.069908,7.596342,7.3703146,7.3848557,7.1084375,7.445919,7.1366425,7.508937,7.3826213,7.463965,7.405841,7.3790164,7.238828,7.286119,7.6938357,7.4661407,0.3400000000001455
17,0.3688656,0.29791793,0.30305445,0.3033839,0.21660501,0.4753968,0.38293818,0.35017917,0.32268798,0.5185851,0.31659666,0.23443888,0.34613818,0.33628613,0.29989555,0.42315716,0.31398913,0.14794536,0.5586519,0.5083046,5.4500000000000455
18,5.366456,5.3634453,5.484111,5.2072215,5.1156254,5.579618,5.3856816,5.1083994,5.2862334,5.2325716,5.2166057,5.38197,5.5063624,5.4643874,5.38523,5.52126,5.378818,5.250132,5.446375,5.662423,2.9099999999998545
19,2.9014,2.8117278,2.9259467,2.7718625,2.6557887,3.0038831,3.0215762,2.9081821,2.7941587,3.0336192,2.698278,2.9624517,2.8266783,2.8293307,2.904839,2.8389184,2.8519282,2.7363605,3.1743624,2.9954953,-23.200000000000045
20,-22.681377,-23.381105,-22.19225,-22.652246,-22.696825,-22.133617,-22.999355,-21.891424,-22.480486,-22.671724,-22.158787,-22.560423,-23.167732,-21.93798,-21.748617,-22.899199,-23.15031,-22.50423,-22.19272,-23.677078,9.779999999999973
21,9.722341,10.003881,9.711364,9.537462,9.538887,10.389967,9.701614,9.638394,9.420056,9.152055,9.636711,10.097843,10.29056,10.385552,9.8184,10.046484,8.944319,9.812218,9.30668,10.186456,21.470000000000027
22,21.174677,20.288988,20.963306,21.44262,20.894457,21.636742,21.48504,21.5231,20.085432,21.374983,20.885427,21.247137,21.087976,21.63107,21.229877,21.141043,20.71754,20.839645,22.201052,21.061699,-3.5599999999999454
23,-3.388793,-3.8024197,-3.6946263,-3.5758083,-3.8760202,-3.2477462,-3.594432,-3.040455,-3.5892575,-3.4745038,-3.319531,-4.0177336,-3.6794446,-3.452752,-3.6550038,-3.2866259,-4.0719337,-3.8110828,-2.8532314,-3.1577516,3.0699999999999363
24,3.1408143,2.7841282,3.3634906,2.8879256,2.6643927,3.0892332,3.2636669,2.5913537,3.0333726,2.830762,3.42057,3.0625966,3.311019,2.9807172,3.2562017,3.2786567,2.9253454,2.9744656,3.2291334,3.438827,3.769999999999982
25,3.7368693,3.6625116,3.7632287,3.6729708,3.621654,3.8809497,3.8092914,3.7863915,3.5647209,3.8865175,3.6281166,3.838371,3.7090833,3.7873178,3.7159257,3.7351875,3.6975527,3.5756621,3.9808743,3.7976441,8.180000000000064
26,7.9388638,7.938764,8.227134,7.828713,7.626515,8.314873,8.0559635,7.9364443,7.803202,8.005913,7.791277,8.196398,8.106904,8.053929,8.096329,8.03277,7.9188523,8.003649,8.299117,8.095229,5.519999999999982
27,5.379611,5.3397975,5.5224895,5.3682294,5.024177,5.560988,5.5439095,5.397932,5.36932,5.5113106,5.177101,5.444094,5.4187384,5.385001,5.5553737,5.366387,5.4565516,5.3164268,5.8447785,5.527564,-3.689999999999827
28,-3.610217,-3.9124727,-3.7437544,-3.837186,-3.9251332,-3.351273,-3.4756155,-3.4964554,-3.5849216,-3.491767,-3.564148,-3.6992104,-3.7058,-3.3346298,-3.6257808,-3.6833234,-3.7111032,-3.9037108,-3.4506297,-3.6263783,0.9899999999997817
29,1.1079142,0.90554255,1.1004893,0.77534616,0.83838946,1.1397538,1.1264586,0.8136791,0.91329557,0.974927,0.9792227,1.0121261,1.1510475,1.0330732,1.1220049,0.9987675,0.97626936,0.89333206,0.87550265,1.1470883,7.2800000000002
30,7.0668983,6.983955,7.2797728,7.1485043,6.9846625,7.373308,7.265783,7.2135305,6.8892035,7.265228,6.9880304,7.341674,7.261139,7.3796725,7.1825533,7.2423453,7.038412,7.02,7.4638553,7.2238855,3.1699999999998454
31,3.1804419,3.0937166,3.1443667,3.0321743,2.8464415,3.2561042,3.2585945,3.1593213,3.0327094,3.2883203,2.9575505,3.141609,3.0748506,3.0664227,3.2265508,3.0645115,3.0886102,2.9863992,3.507646,3.2461898,-4.309999999999945
32,-4.2452555,-4.5280027,-4.376784,-4.3762507,-4.4768434,-3.982074,-4.1190896,-4.1205444,-4.2412505,-4.063645,-4.2270293,-4.2064333,-4.231031,-3.9531682,-4.1486855,-4.3190093,-4.26358,-4.535002,-4.1142416,-4.2002316,8.309999999999945
33,8.112823,8.207775,8.33263,8.070319,7.9030824,8.449856,8.299586,8.030967,7.907015,8.025107,8.039834,8.27873,8.310367,8.372837,8.214738,8.352014,8.018053,8.1300955,8.283902,8.36439,6.690000000000055
34,6.5579653,6.334431,6.6217093,6.495812,6.2987146,6.7681203,6.6513314,6.714058,6.2803307,6.6827393,6.4251466,6.699768,6.420734,6.5585184,6.6141243,6.5339704,6.376962,6.435139,7.057446,6.7012196,-27.569999999999936
35,-26.99389,-27.681637,-26.415281,-26.865225,-26.963581,-26.339645,-27.11788,-25.939526,-26.787434,-26.897032,-26.363354,-26.893091,-27.411987,-25.979683,-25.890764,-27.097761,-27.501263,-26.809937,-26.271662,-28.136974,-8.039999999999964
36,-7.3153605,-8.309927,-7.7151513,-8.50731,-8.335037,-7.4545636,-8.270424,-7.5682364,-8.181484,-8.069667,-7.0550203,-7.7573667,-7.870119,-7.685546,-6.6016374,-7.980268,-8.157983,-7.331287,-7.960009,-7.719147,-1.300000000000182
37,-1.1813716,-1.4032751,-1.3876091,-0.78141856,-1.1420283,-1.3272451,-2.184899,-1.1373932,-1.6812316,-1.1084881,-0.59806657,-0.6865934,-1.6119282,-1.3232682,-1.396667,-1.3069676,-1.290448,-0.9644868,-1.0698735,-1.90396,13.7800000000002
38,13.364539,13.255523,13.729686,13.636457,13.325463,13.883709,13.766904,13.717938,12.9460945,13.5972185,13.293659,13.815355,13.7971945,14.032119,13.636229,13.715185,13.261846,13.389383,14.016143,13.571208,7.339999999999918
39,7.198804,6.8488503,7.2404256,7.086164,6.748937,7.416247,7.4686856,7.353209,6.890927,7.387349,6.950265,7.222907,7.043973,7.0345097,7.3272467,7.112327,6.969771,7.0937123,7.887368,7.4091454,-20.8900000000001
40,-20.472162,-21.115572,-20.205097,-20.311451,-20.592655,-19.947502,-20.362263,-19.58851,-20.231289,-20.179281,-20.066835,-20.444801,-20.554115,-19.45406,-19.664919,-20.298147,-20.870308,-20.522797,-19.736866,-21.16148,2.1100000000001273
41,2.434227,2.0749722,2.5400164,1.7363613,1.7866162,2.362134,2.0290153,1.9258223,2.0077624,1.8720134,2.5105934,2.1014013,2.5897222,2.2611308,2.5607927,2.100989,1.8970178,2.198145,1.5841293,2.4778392,22.529999999999973
42,21.966267,21.34796,22.194332,22.458984,21.945452,22.668514,22.464268,22.585129,21.062757,22.371058,21.803057,22.53213,22.39761,22.933666,22.310678,22.387543,21.719906,21.84793,23.086687,22.091652,-9.819999999999936
43,-9.950193,-9.914169,-9.912024,-9.450782,-9.55121,-8.91337,-9.552963,-9.026792,-9.539673,-9.662761,-9.718203,-9.777042,-9.472864,-8.931345,-9.736897,-9.528955,-10.255321,-10.030735,-9.119224,-9.771924,-11.019999999999982
44,-10.245315,-11.3076515,-10.741673,-11.010573,-10.990915,-10.365062,-10.740041,-10.8302965,-10.269036,-10.5393305,-10.010826,-10.876946,-10.890349,-10.356161,-9.952216,-10.629447,-10.784584,-10.8553095,-10.722619,-10.864219,11.689999999999827
45,11.3123045,11.494563,11.722203,11.647332,11.338631,11.989327,11.729254,11.746861,10.828564,11.459836,11.38596,11.938895,12.079786,12.305843,11.521722,11.755743,11.176084,11.343405,11.903967,11.673581,-1.7999999999999545
46,-1.8645957,-1.7058215,-1.7620088,-1.7204338,-1.7745126,-1.6118671,-1.8727189,-1.8203853,-2.1902368,-1.5902264,-1.9324132,-1.8216745,-1.7934165,-1.8892382,-1.7163075,-2.003381,-1.9136599,-2.1903615,-1.5131245,-2.101808,-24.910000000000082
47,-24.211039,-25.369116,-23.856136,-24.373455,-24.540758,-23.657808,-24.568447,-23.517643,-23.87914,-24.202644,-23.690844,-24.209242,-24.81331,-23.509674,-23.17367,-24.457905,-24.873158,-24.14603,-23.79802,-25.283268,9.170000000000073
48,9.193503,9.322391,9.130593,8.907303,9.057787,9.807146,9.087097,9.095312,8.80375,8.540122,9.367664,9.394854,9.659717,9.957686,9.214373,9.276719,8.401775,9.331976,8.538713,9.559747,-7.889999999999873
49,-7.921036,-7.928745,-7.6566033,-7.61412,-7.19066,-7.670879,-8.374903,-7.8362193,-8.568075,-7.9384356,-7.4586782,-7.516729,-8.1916485,-7.6162615,-7.774953,-8.316075,-8.023927,-8.233992,-7.774509,-8.482403,-14.52000000000021
50,-13.905238,-15.059706,-13.982726,-14.386765,-14.405795,-13.743651,-14.419812,-13.804856,-13.849495,-14.223443,-13.66522,-14.1033325,-14.648211,-13.802309,-13.443505,-14.309134,-14.508353,-14.040159,-13.981503,-14.509236,-24.98999999999978
51,-24.410488,-25.15754,-23.725784,-24.916199,-24.691444,-23.54612,-25.664288,-24.025753,-24.240805,-24.930885,-23.768976,-23.702042,-25.21288,-24.193893,-23.247744,-25.287165,-24.667639,-23.55618,-24.416273,-26.151297,16.839999999999918
52,16.363863,16.476927,17.011566,16.73383,16.407581,17.699959,16.927849,16.886713,15.748547,16.157545,16.731895,17.151972,17.536886,18.056242,16.583897,16.823414,15.951823,16.6572,16.902557,16.938578,5.490000000000009
53,4.728672,5.0508895,5.2472405,5.926027,5.4582906,5.6762853,5.1567426,5.6110153,4.56942,5.781146,5.2375183,5.856699,5.627584,5.3480573,5.5388103,5.42259,5.3513126,4.9304028,6.0633855,4.863414,19.170000000000073
54,18.707647,18.749048,19.18417,18.316128,17.87009,19.329342,18.749609,18.277704,18.452742,18.257416,18.365423,18.885565,19.011395,18.80766,18.896545,19.040365,18.525894,18.822872,19.212282,19.10759,-4.610000000000127
55,-4.536561,-4.8247027,-4.7243004,-4.4517093,-4.7287545,-4.2717094,-4.5487437,-4.0626316,-4.5423336,-4.4695144,-4.383321,-4.8899646,-4.5958257,-4.231232,-4.6643324,-4.41291,-4.9961915,-4.8669195,-4.1312833,-4.278392,3.769999999999982
56,3.847239,3.589157,4.0254455,3.490961,3.4361887,3.7938762,3.9674096,3.2620547,3.6301162,3.4528284,4.060517,3.7437747,3.998632,3.7658932,3.95516,3.8781898,3.575859,3.6478734,3.770488,4.1484575,12.120000000000118
57,11.788043,11.524406,12.102201,11.919976,11.569389,12.22843,11.961394,12.000266,11.484201,11.972392,11.654319,12.073389,11.949595,12.128319,11.988151,11.954549,11.650746,11.797392,12.406926,12.011904,4.139999999999873
58,4.103173,4.0928636,3.9800534,4.0382724,3.6945,4.212031,4.111929,4.138557,4.013899,4.2116165,3.9410167,3.907492,4.050555,3.9077277,4.2564106,4.003757,4.103287,3.938044,4.5929794,4.248435,-3.6099999999999
59,-3.4243608,-3.7771873,-3.621972,-3.8819857,-4.0369725,-3.260766,-3.3398533,-3.4320548,-3.4668317,-3.4236202,-3.4347198,-3.6085145,-3.68194,-3.347971,-3.5073977,-3.6176898,-3.634441,-3.7671583,-3.3946884,-3.6121352,9.25
60,9.03365,9.093808,9.285825,8.967254,8.763139,9.401732,9.179999,8.942586,8.812996,8.922849,8.949888,9.194771,9.219815,9.251186,9.151936,9.266262,8.922175,9.0686035,9.217973,9.293101,8.819999999999936
61,8.634618,8.254944,8.711106,8.598615,8.304261,8.912478,8.669228,8.793574,8.286967,8.680687,8.430391,8.809565,8.492619,8.65604,8.763713,8.5814,8.413434,8.538986,9.222417,8.765742,-2.4300000000000637
62,-2.3311706,-2.5545185,-2.4474876,-2.5928104,-2.6562555,-2.1906183,-2.2561276,-2.2126892,-2.3577342,-2.2096195,-2.2425349,-2.7227285,-2.4859247,-2.2239554,-2.6381733,-2.3783455,-2.6256013,-2.669952,-2.098413,-2.2033167,6.580000000000155
63,6.5024214,6.506637,6.5895023,6.3006206,6.2381043,6.7034736,6.5340447,6.132496,6.3116717,6.2611837,6.3481092,6.4450684,6.616381,6.575434,6.464076,6.639251,6.4504876,6.333852,6.4848456,6.8508167,0.459999999999809
64,0.42644095,0.45716736,0.4281459,0.45714986,0.36437398,0.58990943,0.5235303,0.53801966,0.31795081,0.64087677,0.34874672,0.5073615,0.49144325,0.39551482,0.44117692,0.39753363,0.467567,0.17416836,0.64800566,0.51481223,-0.23999999999978172
65,-0.18157175,-0.40641,-0.20276143,-0.29709613,-0.4323727,-0.1327677,-0.12330079,-0.32691023,-0.16349146,-0.13104425,-0.17118692,-0.18522641,-0.20164952,-0.22464506,-0.2335985,-0.09584842,-0.18016875,-0.35311294,-0.15338512,-0.17285937,2.9099999999998545
66,2.810644,2.887851,2.9549713,2.7797248,2.7265453,3.0064676,2.9225283,2.8195994,2.7611473,2.9444718,2.7457726,2.9756787,2.927147,2.9517019,2.8646703,2.9222682,2.8586724,2.7621388,2.9674637,2.9361987,-2.0299999999999727
67,-2.0543396,-2.1825356,-2.0929265,-2.0092778,-2.009142,-1.8504031,-1.9890553,-1.9890435,-2.0511458,-1.936394,-2.120581,-1.9144075,-2.095681,-1.8912537,-2.1794355,-2.0648541,-1.9675041,-2.241919,-2.0003595,-2.0327928,-5.339999999999918
68,-5.1786175,-5.6376615,-5.1995163,-5.32469,-5.3201604,-5.0342402,-5.2651725,-5.098692,-5.1280637,-5.1828046,-5.1566586,-5.153347,-5.441926,-5.044389,-5.0520873,-5.31465,-5.2710466,-5.3043303,-5.227687,-5.3329487,-3.7100000000000364
69,-3.643292,-3.883118,-3.6345792,-3.8038661,-3.7625165,-3.5061646,-3.8073223,-3.6454384,-3.5783787,-3.7151017,-3.6175838,-3.4966033,-3.843469,-3.5676007,-3.5072181,-3.8447173,-3.6029596,-3.5932207,-3.7618532,-3.8963304,-10.299999999999955
70,-10.108666,-10.378059,-9.902863,-10.301915,-10.183142,-9.709143,-10.561857,-9.932093,-10.037962,-10.247439,-9.890905,-9.780048,-10.451174,-9.958701,-9.782635,-10.430105,-10.13215,-9.900061,-10.128101,-10.794302,0.25
71,0.3940535,0.26910478,0.32008713,0.0025684126,0.15350905,0.4477731,0.03925463,0.31646317,0.15622611,0.20830019,0.45245096,0.30213186,0.2675685,0.36237743,0.31998226,0.22203194,0.13668019,0.3787074,0.12874892,0.33810908,0.10999999999989996
72,-0.02562398,0.056230225,0.035000216,0.114797905,0.15301713,0.15694484,-0.10398525,0.122499585,-0.1485077,0.2991611,0.14006191,0.3708979,-0.046061747,0.029925963,-0.022309504,0.08059053,0.04594469,-0.003238365,0.25837603,-0.117881626,5.160000000000082
73,5.0030227,5.044786,5.2045164,4.983588,4.8676643,5.2511063,5.121799,5.0355854,4.8821535,5.10192,4.936367,5.213394,5.13679,5.1803336,5.1046996,5.127851,4.997459,4.984424,5.238966,5.1577187,-14.539999999999964
74,-14.278584,-14.550957,-14.013177,-14.173286,-14.203553,-13.820265,-14.400515,-13.771786,-14.207486,-14.238452,-13.984711,-14.111875,-14.580148,-13.814329,-13.826923,-14.383665,-14.425831,-14.242377,-13.952092,-14.881377,7.479999999999791
75,7.45012,7.5945373,7.495687,7.316441,7.281699,7.835175,7.473994,7.25331,7.099255,7.1417294,7.284315,7.670536,7.7639213,7.730376,7.421175,7.5220714,7.0689416,7.414273,7.224258,7.7571526,17.74000000000001
76,17.397057,16.680832,17.44833,17.631382,17.167643,17.871834,17.667881,17.758223,16.676336,17.58372,17.22387,17.598196,17.45144,17.825443,17.548643,17.558657,17.02601,17.22277,18.304144,17.536774,7.020000000000209
77,6.8769636,6.89029,6.74036,6.907928,6.2699184,7.0173044,6.8983674,6.972418,6.89973,6.96035,6.759608,6.5514145,6.8651037,6.655992,7.229614,6.734598,7.0104685,6.749639,7.632998,7.08405,-2.130000000000109
78,-1.9845017,-2.262351,-2.1600938,-2.3658519,-2.7133648,-2.0292363,-1.8695145,-2.0004392,-1.8602432,-1.8862464,-1.7167548,-2.324941,-2.193734,-1.9493334,-2.1964924,-1.9176013,-2.2065668,-2.2208536,-1.7566924,-1.9386237,11.990000000000009
79,11.722616,11.74029,12.040149,11.56532,11.26942,12.164883,11.794619,11.572913,11.467909,11.487412,11.608887,11.882883,11.907554,11.863482,11.858618,11.962163,11.5763235,11.797247,11.9254675,12.005229,8.420000000000073
80,8.231325,7.849773,8.324468,8.162015,7.801659,8.482194,8.420561,8.366609,7.953903,8.330367,8.019415,8.38256,8.062085,8.14389,8.323543,8.180361,7.9890532,8.15213,8.911935,8.371216,4.819999999999936
81,4.702796,4.798896,4.684457,4.888578,4.322262,4.944557,4.6174245,4.415659,4.9577556,4.7075806,4.8860984,4.680229,4.8778625,4.671117,4.8895607,4.9646606,5.0002885,4.6676583,5.0547547,4.942586,3.1299999999998818
82,3.0714707,3.0817122,3.076494,3.1739416,2.8553376,3.2770498,3.0753353,2.8242528,3.226555,3.1082406,3.164298,3.092981,3.200671,3.0525572,3.1556633,3.270296,3.2838674,2.9545975,3.2940724,3.2726884,-2.3899999999998727
83,-2.3533065,-2.5979137,-2.4743676,-2.5044272,-2.5431056,-2.153418,-2.251749,-2.3167408,-2.3468204,-2.2310283,-2.3723269,-2.3364387,-2.4058905,-2.1710548,-2.3965278,-2.4156985,-2.3499322,-2.5915575,-2.3088768,-2.3114548,-4.600000000000136
84,-4.4403305,-4.9061685,-4.511625,-4.616203,-4.6012216,-4.3359003,-4.518877,-4.4009757,-4.42204,-4.4773374,-4.4420714,-4.441246,-4.7089834,-4.345657,-4.3646264,-4.5796046,-4.5466113,-4.6021686,-4.5214896,-4.56182,-9.299999999999955
85,-9.132017,-9.481045,-8.91241,-9.30155,-9.2163105,-8.760087,-9.520701,-8.921845,-9.018343,-9.2475195,-8.911502,-8.824438,-9.443584,-8.96776,-8.762979,-9.41329,-9.152476,-8.909612,-9.145599,-9.669608,-12.220000000000027
86,-11.961256,-12.428753,-11.681859,-12.25109,-12.108515,-11.480753,-12.547077,-11.893155,-11.863701,-12.267493,-11.685263,-11.525819,-12.39184,-11.788116,-11.43357,-12.420766,-11.973085,-11.565104,-12.002639,-12.826976,5.100000000000136
87,5.038392,5.002984,5.174822,4.9377084,4.945132,5.3799644,4.9324207,5.2777696,4.8005586,4.9792695,5.327878,5.179726,5.163942,5.5818143,4.911818,5.0521164,4.7538915,4.964849,5.062078,5.1803546,6.089999999999918
88,6.0019426,5.876187,5.94309,6.124047,6.137237,6.233995,6.057507,6.0828204,5.668169,6.367731,5.969061,6.1242127,5.990072,6.135778,6.015472,5.975493,6.0571294,5.753154,6.3707967,5.891258,10.870000000000118
89,10.542535,10.517601,10.889363,10.413956,10.120279,11.026281,10.70754,10.478433,10.356796,10.555473,10.349047,10.827833,10.76215,10.670681,10.765379,10.654022,10.510804,10.689726,11.048432,10.695934,-15.080000000000155
90,-14.905296,-15.105046,-14.673208,-14.583482,-14.8460655,-14.276016,-14.664872,-14.162253,-14.795174,-14.587537,-14.606817,-14.78503,-14.885716,-14.012398,-14.453302,-14.688837,-15.035928,-14.988506,-14.159619,-15.356288,6.570000000000164
91,6.73146,6.597296,6.6664414,6.176298,6.182493,6.818726,6.4738975,6.156128,6.1556644,6.120867,6.433853,6.8073463,6.995027,6.5898848,6.6276093,6.5426383,6.051062,6.3914866,6.1722875,6.851816,-10.88000000000011
92,-10.836065,-10.871363,-10.735619,-10.5383415,-10.2842865,-10.398405,-11.345219,-10.727891,-11.004723,-10.925397,-10.693809,-10.646187,-11.184216,-10.608547,-10.791284,-11.097345,-10.777698,-10.935469,-10.6301565,-11.298086,-8.299999999999955
93,-7.814438,-8.663433,-8.002542,-8.472276,-8.393264,-7.860829,-8.287471,-7.957818,-7.9500327,-8.259988,-7.6835318,-7.957133,-8.531302,-7.994263,-7.6052227,-8.283155,-8.349395,-7.9611607,-8.152648,-8.233611,-0.4900000000000091
94,-0.32059255,-0.3580334,-0.5238143,-0.4844911,-0.49291867,-0.29786676,-0.8953557,-0.40347987,-0.5414904,-0.4165733,-0.18536627,-0.28065363,-0.6207083,-0.41565982,-0.69941527,-0.4982547,-0.5497453,-0.27616715,-0.54507095,-0.558269,11.700000000000045
95,11.336193,11.219261,11.631495,11.590863,11.331614,11.81834,11.705606,11.691544,10.999514,11.620124,11.272628,11.771503,11.718129,11.940132,11.566615,11.658001,11.286993,11.323592,11.947166,11.5417795,2.9199999999998454
96,2.8884683,2.8406022,2.8014345,2.7751963,2.6002717,3.0064685,2.9110475,3.0597608,2.5795019,3.0654876,2.7443142,2.7660778,2.8412569,2.8011422,3.0039654,2.8556743,2.7857656,2.7019584,3.4253285,3.0858414,-10.329999999999927
97,-10.08963,-10.621633,-10.183795,-10.174395,-10.339431,-9.774515,-9.981331,-9.749118,-9.941392,-9.851408,-9.975085,-10.066206,-10.097439,-9.534782,-9.713972,-9.982159,-10.252352,-10.381699,-9.7112,-10.302217,-15.900000000000091
98,-15.385214,-16.315878,-15.170514,-15.841716,-15.80259,-15.013406,-16.16937,-15.174994,-15.25487,-15.74571,-15.102565,-15.230322,-16.15002,-15.271717,-14.688674,-15.936932,-15.795127,-15.121086,-15.460492,-16.230713,-1.0899999999999181
99,-0.90458083,-0.8977328,-0.93968916,-1.2335134,-1.0772916,-0.6625211,-1.6416544,-1.1273245,-1.0501126,-1.1479661,-0.61741173,-1.0471008,-1.1433791,-0.9762048,-0.8590316,-1.0763094,-1.3084785,-0.6396881,-1.2195121,-1.038294,4.190000000000055
100,4.077512,4.118669,4.128893,4.0314007,4.020711,4.305306,4.017045,4.3382654,3.5806413,4.2824755,4.0781636,4.4836946,4.0306063,4.2867675,3.9229035,3.9303563,4.1077247,3.946289,4.297054,3.6927736,5.220000000000027
101,5.10739,4.978755,5.227999,5.0651164,4.892387,5.3269486,5.1398683,5.1581287,4.9497848,5.2143393,4.944094,5.2837305,5.105795,5.166944,5.173724,5.1357117,5.0739713,5.036098,5.4326296,5.226489,5.4099999999998545
102,5.2574253,5.2926097,5.427212,5.226234,4.9994664,5.5210047,5.3999333,5.209269,5.2432337,5.3639364,5.063234,5.4518814,5.386701,5.3327417,5.338449,5.3004804,5.3499207,5.247038,5.593434,5.4246006,14.100000000000136
103,13.66029,13.644524,14.137594,13.548704,13.181812,14.241219,13.81167,13.711725,13.438559,13.639765,13.533458,14.011495,13.926,13.840356,13.979808,13.833419,13.566316,13.8885,14.246563,13.910977,-30.65000000000009
104,-30.163383,-30.525896,-29.51495,-29.733059,-29.913301,-29.206512,-30.087376,-28.837566,-30.00076,-29.973074,-29.412928,-29.935152,-30.490227,-28.927261,-28.954521,-30.058992,-30.506617,-29.93766,-29.125051,-31.371439,-1.6099999999999
105,-1.0915902,-1.6194193,-1.1151484,-1.9839892,-2.119554,-0.92694294,-1.5688491,-1.8301923,-1.5237616,-1.8760453,-0.73338383,-1.3630437,-1.1203156,-1.4934657,-0.5318952,-1.4772202,-1.6913381,-1.3155351,-2.049054,-1.182938,-12.779999999999973
106,-12.556494,-12.653765,-12.451065,-12.141835,-11.782648,-12.0649185,-13.734902,-12.84225,-12.889793,-12.784002,-11.924728,-12.099003,-13.084025,-12.304191,-12.537866,-13.152637,-12.206836,-12.695549,-12.709266,-13.6621275,-13.990000000000009
107,-13.574454,-14.333442,-13.388231,-14.0372505,-13.928317,-13.183976,-14.309352,-13.481418,-13.501156,-14.030428,-13.309038,-13.23827,-14.234342,-13.466344,-12.947111,-14.15757,-13.827646,-13.182153,-13.71473,-14.55859,-1.2300000000000182
108,-1.0103031,-1.0257661,-1.1890196,-1.2424804,-1.1353544,-0.8185481,-1.8633057,-1.2181302,-1.1907821,-1.2441624,-0.75057673,-1.0747178,-1.387306,-1.1606652,-1.1666156,-1.2087138,-1.3573561,-0.79786396,-1.3192401,-1.2414465,-5.380000000000109
109,-5.3450327,-5.3636155,-5.2886653,-5.158447,-4.9878526,-5.055288,-5.801563,-5.422534,-5.4486775,-5.3675523,-5.0442185,-5.0176125,-5.5611444,-5.184154,-5.422951,-5.562977,-5.109006,-5.4581127,-5.4145784,-5.767453,9.440000000000055
110,9.173299,9.33415,9.463823,9.283211,9.107787,9.546024,9.494329,9.254548,8.857529,9.169917,9.133773,9.462758,9.485898,9.646026,9.370383,9.491653,9.124322,9.225894,9.48138,9.388105,-18.019999999999982
111,-17.765795,-17.913565,-17.432316,-17.523289,-17.557983,-17.132229,-17.940102,-17.132427,-17.672178,-17.723179,-17.384176,-17.570707,-18.147913,-17.216793,-17.274172,-17.86167,-17.85167,-17.733063,-17.258669,-18.548458,0.849999999999909
112,1.1322596,0.8366377,1.2363267,0.47489208,0.518,1.1950437,0.8264752,0.53970206,0.83312255,0.6396117,1.2175413,0.83145475,1.2450495,0.96398157,1.327809,0.9556726,0.71463144,0.9148454,0.5233236,1.1581839,16.039999999999964
113,15.671119,15.355186,15.678445,15.994748,15.666365,16.215809,16.00614,16.085207,14.933687,16.054764,15.53325,16.110498,16.020363,16.432667,15.844602,15.922162,15.57281,15.491452,16.566809,15.710069,-22.449999999999818
114,-22.217178,-22.273489,-21.7518,-21.703526,-21.84528,-21.271748,-21.968174,-21.1842,-22.083097,-21.947931,-21.717464,-22.028044,-22.383972,-21.137213,-21.497925,-22.005896,-22.294054,-22.162638,-21.209951,-23.022633,2.2200000000000273
115,2.5933776,2.3747528,2.6765616,1.7042334,1.7209781,2.6172757,2.1586046,1.581832,2.1704288,1.7897556,2.6401007,2.0932238,2.8974555,2.1715732,2.982219,2.3542535,1.9942979,2.3038712,1.7488992,2.5826976,3.8599999999999
116,3.5220351,3.786296,3.7919698,3.8697531,3.749972,3.9336164,3.6186752,4.000769,2.9650671,4.0003753,3.783136,4.2762647,3.5505862,3.7816305,3.7010362,3.6469493,3.7005224,3.6312482,4.0798326,3.1090143,6.8599999999999
117,6.661975,6.643086,6.908868,6.5734067,6.3802896,6.9932075,6.766674,6.660172,6.53378,6.758073,6.491296,6.9115276,6.7887206,6.7581506,6.7898617,6.735657,6.6635137,6.6987925,6.9966445,6.8041773,17.160000000000082
118,16.61418,16.519884,17.228275,16.585258,16.082954,17.299473,16.746284,16.768147,16.32201,16.602123,16.460608,17.007181,16.878248,16.877354,17.03364,16.818758,16.480568,16.94763,17.376415,16.914597,-8.379999999999882
119,-8.477177,-8.667023,-8.336478,-8.098607,-8.329728,-7.5695786,-8.049492,-7.732583,-8.121004,-8.164946,-8.135291,-8.48439,-8.137174,-7.5649867,-8.301799,-8.171528,-8.652881,-8.557366,-7.797506,-8.244441,-3.6400000000001
120,-3.6000018,-3.9171474,-3.5455272,-3.7040522,-4.058761,-3.2935288,-3.5278661,-3.750071,-3.3805387,-3.5383806,-3.2568364,-3.2934828,-3.302746,-3.4413319,-3.0351946,-3.2881148,-3.5942664,-3.6971388,-3.646052,-3.6103082,-15.049999999999955
121,-14.73864,-15.058255,-14.431827,-14.979854,-14.829106,-14.208211,-15.460218,-14.453086,-14.654552,-14.964368,-14.413227,-14.348079,-15.2394285,-14.571962,-14.272435,-15.202829,-14.848025,-14.441902,-14.735862,-15.776395,11.649999999999864
122,11.342643,11.569909,11.7543125,11.546812,11.33647,12.0994,11.748016,11.553804,10.894646,11.216491,11.4742775,11.819083,12.013705,12.322697,11.412367,11.732386,11.171731,11.4260235,11.736415,11.662622,16.570000000000164
123,16.324568,15.577979,16.29347,16.422493,15.966816,16.670904,16.475878,16.608856,15.550335,16.38967,16.094576,16.320873,16.136772,16.472015,16.430517,16.276197,15.868307,16.037025,17.215857,16.39227,10.740000000000009
124,10.350777,10.4772,10.644612,10.626317,9.732361,10.642529,10.498731,10.370332,10.5505295,10.483926,10.339912,10.3723545,10.623361,10.359494,10.855895,10.439174,10.710238,10.480825,11.297512,10.657762,13.230000000000018
125,12.782466,12.969952,13.100402,12.813757,12.180807,13.264519,13.017274,12.581409,12.924353,12.672256,12.62159,12.981355,13.174554,12.969895,12.969634,13.056065,12.954451,12.916998,13.432663,13.235273,19.029999999999973
126,18.347012,18.323603,18.978363,18.294174,17.709,19.24545,18.694254,18.284285,18.110456,18.258764,18.087618,18.783121,18.799374,18.637403,18.8644,18.635744,18.393358,18.815708,19.378561,18.652138,-1.7899999999999636
127,-1.6840501,-1.9505969,-1.8832911,-1.9608449,-2.1750677,-1.4345262,-1.7998976,-1.5581797,-1.7660221,-1.6647094,-1.4572474,-2.3974845,-1.8709813,-1.6961186,-2.0700088,-1.5894562,-2.2538946,-1.9890699,-1.1232408,-1.2686464,1.3399999999999181
128,1.404823,0.99674255,1.5414197,1.1690274,0.9358545,1.4697604,1.5256957,1.0290266,1.4499857,1.2919252,1.6827978,1.3605928,1.5511026,1.1863215,1.509113,1.688051,1.2133342,1.295513,1.6254495,1.5733024,14.0
129,13.603687,13.458028,14.027659,13.69752,13.333303,14.078438,13.788235,13.770045,13.224967,13.656251,13.499567,13.923904,13.850196,13.998037,13.875395,13.819897,13.414526,13.709712,14.180419,13.869964,-9.420000000000073
130,-9.488968,-9.539624,-9.26423,-9.009918,-9.225258,-8.753427,-9.136692,-8.783742,-9.37553,-9.174407,-9.264734,-9.240577,-9.277092,-8.653136,-9.380401,-9.225839,-9.5059,-9.616789,-8.712177,-9.573262,-24.309999999999945
131,-23.394487,-25.00797,-23.314817,-23.93436,-24.077871,-23.006283,-24.095354,-23.062256,-23.176647,-23.722092,-22.917707,-23.643778,-24.372923,-23.03894,-22.445938,-23.920818,-24.258862,-23.404621,-23.286993,-24.436975,-5.849999999999909
132,-5.303508,-5.5741553,-5.702101,-6.098039,-5.8338313,-5.345449,-6.5438523,-5.690871,-5.5880666,-5.942361,-5.0237145,-5.6168394,-5.7665973,-5.689205,-4.88102,-6.1018887,-5.753432,-5.0440135,-6.047544,-5.9375157,4.079999999999927
133,3.9328408,4.0876756,3.9645958,3.8457768,3.903136,4.168148,3.6986332,4.306861,3.435271,4.2022047,4.2714424,4.400419,3.6961894,4.240772,3.6889288,3.791833,3.9452567,3.954657,4.2504954,3.5179014,-8.850000000000136
134,-8.722249,-8.888615,-8.622389,-8.689667,-8.622625,-8.398664,-8.98386,-8.506685,-8.706156,-8.772573,-8.575567,-8.550303,-9.032165,-8.520683,-8.683259,-8.867988,-8.71716,-8.764529,-8.622405,-9.109119,7.270000000000209
135,7.158329,7.3193755,7.2723475,7.130118,7.0036855,7.4650407,7.383642,6.9419136,6.941993,6.989269,7.0023947,7.2789874,7.393211,7.4479938,7.1563163,7.3313346,7.10449,7.101051,7.118429,7.415386,-10.700000000000045
136,-10.603101,-10.678946,-10.451293,-10.387743,-10.340342,-10.182926,-10.928949,-10.30498,-10.651142,-10.619931,-10.4308195,-10.437717,-10.89264,-10.328671,-10.556466,-10.720331,-10.601179,-10.643711,-10.411166,-10.983935,21.289999999999964
137,20.81548,20.938425,21.277403,20.759748,20.30313,21.477226,21.160545,20.606014,20.209719,20.320818,20.747555,21.0519,21.187603,21.327353,21.115053,21.317394,20.43647,20.978247,21.165012,21.28693,-0.8900000000001
138,-1.0460969,-0.8785638,-0.8450941,-0.7212385,-0.9502434,-0.6699261,-0.9992837,-0.70558476,-1.2960526,-0.6541148,-1.0395298,-1.1722387,-0.7711602,-1.0444769,-0.8471036,-1.0567746,-1.1176976,-1.4534832,-0.33032706,-1.0363884,17.960000000000036
139,17.671038,17.5731,17.926807,17.171955,16.844084,18.113892,17.539988,16.907764,17.319675,16.863209,17.372644,17.493254,17.874815,17.753529,17.683065,18.026876,17.422749,17.66362,17.814398,18.27374,1.2200000000000273
140,1.1263537,1.0470467,1.1251856,1.2028751,0.8045835,1.3424083,1.314224,1.5250515,0.82001096,1.3905077,1.1646222,0.88408494,1.2303182,0.9658434,1.340311,1.1894677,1.0881208,0.88045055,1.7094332,1.3139912,-7.589999999999918
141,-7.148124,-7.719085,-7.6135926,-7.7975063,-8.09333,-6.9854336,-7.352082,-7.3019776,-7.2678175,-7.2105017,-7.147275,-7.4811926,-7.4704847,-7.067568,-7.080344,-7.661307,-7.4635396,-7.710981,-7.314304,-7.527504,-5.490000000000009
142,-5.238887,-5.808005,-5.367162,-5.634199,-5.5379176,-5.199259,-5.50881,-5.332429,-5.301028,-5.5018873,-5.199787,-5.199771,-5.713508,-5.3191986,-5.135145,-5.584155,-5.490254,-5.2991347,-5.4496675,-5.6048946,-27.049999999999955
143,-26.43474,-27.065657,-25.76137,-26.735033,-26.643436,-25.629452,-27.706898,-25.704052,-26.224287,-26.837873,-25.712938,-25.98401,-27.271027,-26.122713,-25.339659,-27.14054,-26.890167,-25.739342,-26.282867,-28.03216,-4.220000000000027
144,-3.737319,-4.0705633,-3.9804597,-4.613277,-4.325668,-3.8490665,-4.8699265,-3.954126,-4.1319056,-4.2884283,-3.4151392,-4.126993,-4.0475845,-3.9664583,-3.258763,-4.255152,-4.2960343,-3.365659,-4.398272,-4.0712595,-8.3900000000001
145,-8.302889,-8.233695,-8.168262,-7.724254,-7.6009865,-7.832371,-9.180324,-8.314298,-8.517454,-8.432847,-7.5276117,-7.7352166,-8.575056,-8.29307,-8.358736,-8.65083,-7.8907814,-8.322304,-8.323868,-9.145524,-5.339999999999918
146,-5.2250943,-5.420127,-5.1531887,-5.4092727,-5.34899,-5.067761,-5.5772743,-5.2332993,-5.108882,-5.336622,-5.069046,-5.051164,-5.4863486,-5.152201,-4.9052258,-5.549233,-5.119146,-5.07906,-5.3359866,-5.644849,-32.8900000000001
147,-32.133327,-32.879585,-31.312477,-32.44652,-32.37203,-31.19004,-33.665936,-31.215183,-31.87887,-32.607758,-31.235214,-31.665276,-33.122307,-31.738808,-30.79145,-32.95448,-32.7381,-31.293808,-31.904484,-34.018982,6.289999999999964
148,6.783624,6.324718,6.5090027,6.0674376,6.0055356,6.795404,5.6914344,6.5899916,5.9100213,5.7327504,7.0418797,6.543854,6.414273,6.8739047,6.5678377,6.370135,5.5370784,6.6263947,5.5548606,6.9907236,-60.26999999999998
149,-59.116207,-59.818405,-57.680477,-59.151722,-59.014732,-57.10271,-61.72752,-57.480305,-58.755554,-59.986736,-57.516754,-58.112164,-60.81077,-58.441208,-57.042053,-60.310326,-59.794456,-57.865074,-58.372475,-62.737,-0.6899999999998272
150,0.46357423,-0.90203804,0.29018825,-1.2737486,-1.7242844,0.12152902,-1.1171585,-0.5323796,-1.0968453,-1.309375,0.9636584,-0.5098034,0.16160938,-0.60627514,1.443441,-0.83402056,-1.0241826,0.2573802,-1.7260517,-0.26487574,-79.92000000000007
151,-78.41066,-79.25425,-76.267715,-78.730515,-78.01349,-75.620255,-82.49027,-76.86727,-78.037994,-79.72837,-76.443085,-76.465866,-80.523834,-77.54629,-76.01837,-80.292915,-78.984024,-76.55949,-77.66731,-83.73156,53.069999999999936
152,51.88838,52.63167,53.19626,52.75956,52.081696,54.87341,53.103306,52.05644,49.766155,50.025604,52.416626,53.57743,54.409687,55.570873,52.166233,53.418472,50.411987,52.750824,52.84136,53.002506,-51.76999999999998
153,-51.85787,-50.687954,-50.99469,-48.946674,-48.438606,-49.860806,-54.121082,-50.755184,-53.312283,-52.021633,-50.662388,-51.199455,-52.653015,-51.0105,-51.072174,-53.137444,-51.801323,-52.052498,-49.94215,-54.224796,51.88000000000011
154,51.236855,51.798298,51.56708,50.85635,49.6049,52.25427,50.708492,48.71052,49.198284,48.370064,50.358902,50.533997,51.94152,51.12251,51.011612,51.784115,49.282566,51.042854,50.018196,53.2931,6.169999999999845
155,4.945514,5.676831,5.694388,7.0251346,6.4507613,6.6277137,5.7887053,6.5464597,4.223951,6.7129445,5.9077315,6.328336,6.9720206,5.4270926,6.864769,5.9725413,6.333886,4.999681,8.04464,4.5628366,25.680000000000064
156,25.248327,24.96954,25.425919,24.868824,24.245022,25.729918,25.019297,23.48634,25.127996,23.917725,25.332106,24.679993,25.694534,25.393076,25.344881,25.758417,25.333275,24.96391,25.529898,26.383507,-11.730000000000018
157,-11.901449,-11.977514,-11.680364,-11.286767,-11.4567375,-10.629879,-11.305763,-10.772416,-11.395201,-11.4948,-11.447128,-11.848,-11.295334,-10.610022,-11.61518,-11.347441,-12.192107,-11.915999,-10.867448,-11.643744,1.1300000000001091
158,1.3948295,0.947619,1.6728987,0.5527413,0.51505595,1.5789509,1.5145898,0.77605987,1.1629289,1.0154221,1.5607586,1.3785758,1.6235182,0.91750807,1.726252,1.4596779,0.9359571,1.1000171,1.2411951,1.2160989,-53.24000000000001
159,-52.03969,-53.075993,-50.780613,-52.196743,-52.258087,-50.593403,-54.202496,-50.52574,-51.71179,-52.696022,-50.515594,-51.591038,-53.485756,-51.292492,-49.896652,-53.10655,-53.120285,-50.943848,-51.41482,-54.86835,-17.12000000000012
160,-15.468442,-17.071253,-16.330717,-17.901829,-17.624342,-16.061026,-17.94874,-16.29432,-17.027153,-17.369677,-15.298733,-16.455427,-17.127031,-16.417309,-14.218857,-17.32832,-17.35465,-15.371891,-16.419765,-16.969364,0.2899999999999636
161,0.5027017,0.292069,0.16609325,1.0323977,0.41376197,0.20954779,-1.3651317,0.6585032,-0.5567732,0.5381406,1.6564955,1.1994543,-0.2683607,0.26374647,-0.030667447,0.17923729,0.08006862,0.981561,0.61769235,-1.076922,38.52999999999997
162,37.43805,36.819035,38.407005,38.18536,37.21992,38.604362,38.18914,38.22907,36.295063,37.621895,37.241653,38.24407,38.240482,38.852245,38.27414,38.14626,36.827087,37.730633,39.074146,37.867107,15.25
163,14.998822,14.2933,14.731411,14.539074,13.873461,15.170149,15.195419,15.404973,14.084395,15.094083,14.387621,14.404713,14.651616,14.531673,15.672881,14.655928,14.226367,14.803896,16.804014,15.283234,-18.329999999999927
164,-17.700113,-18.493483,-18.259396,-18.72042,-19.368505,-16.95137,-17.680819,-17.088041,-17.820227,-17.673302,-17.234198,-18.150293,-17.85821,-16.908878,-17.203949,-18.245546,-18.466421,-18.543705,-17.089357,-18.290676,17.529999999999973
165,17.300554,17.572178,17.463398,17.190441,16.764296,17.732231,17.320059,16.589447,16.642855,16.536533,16.95804,17.236626,17.625587,17.469246,17.24056,17.561897,16.805647,17.246136,16.935722,18.007277,33.27999999999997
166,32.510952,31.157684,32.883804,32.937634,31.887539,33.413387,32.734844,33.14083,31.352482,32.60548,32.20045,32.70484,32.46955,33.04313,33.01503,32.687748,31.698431,32.457333,34.26797,32.970615,2.8400000000001455
167,2.760214,2.7302501,2.6477194,2.6945317,2.0425177,3.1485388,2.646068,2.9112852,2.8683064,3.0521643,2.9295435,1.6656282,2.8830183,2.567701,3.013913,3.2301087,2.1560013,2.706038,3.8482902,3.402137,5.970000000000027
168,5.968439,5.502525,5.918989,6.108588,5.1992726,6.028895,6.080781,5.290287,6.104524,5.542637,6.6747046,5.882612,6.2487464,5.6353707,6.0104117,6.4721475,5.798646,5.728559,6.3503165,6.491087,-14.470000000000027
169,-14.219431,-14.512633,-13.970134,-14.099346,-14.143036,-13.761452,-14.188608,-13.649209,-14.15856,-14.10105,-13.929059,-14.084121,-14.443751,-13.646985,-13.758109,-14.248511,-14.35787,-14.21926,-13.825433,-14.765376,-30.450000000000045
170,-29.50964,-31.01158,-28.894793,-30.096,-30.195076,-28.803509,-30.911827,-28.92686,-29.157583,-29.969744,-28.848269,-29.379057,-30.728039,-29.135225,-28.130512,-30.348574,-30.286217,-28.880163,-29.402777,-31.040031,-8.730000000000018
171,-8.073201,-8.300693,-8.531487,-8.81925,-8.5728035,-8.018461,-9.735264,-8.468654,-8.307194,-8.869652,-7.5117054,-8.332052,-8.675944,-8.546045,-7.394741,-9.187358,-8.391969,-7.5775323,-9.009201,-9.05535,33.37999999999988
172,32.325035,32.045303,32.92143,33.316677,32.572758,33.569706,33.16451,33.384926,31.098295,32.958157,32.283928,33.498005,33.6028,34.297657,33.06646,33.25754,32.006096,32.391075,34.08827,32.69116,-12.7199999999998
173,-12.863371,-12.388323,-13.014415,-11.961851,-12.364735,-11.7023735,-12.816374,-11.629158,-12.79357,-12.230945,-12.879259,-12.512981,-12.452008,-11.993581,-12.560563,-12.531207,-13.582042,-13.13577,-11.9225645,-12.8987,-31.670000000000073
174,-30.027983,-32.4481,-30.665668,-31.199455,-31.488564,-29.956287,-30.700014,-30.054924,-30.051134,-30.691849,-29.530275,-31.014408,-31.473522,-29.74433,-29.10513,-30.773727,-31.493793,-30.485094,-30.113577,-31.630894,8.039999999999964
175,8.365206,7.9389715,8.179302,7.7716637,7.92067,8.446793,7.4594646,8.267493,7.6195517,7.4203157,8.725592,8.145448,8.24904,8.793478,8.038245,8.047797,7.249455,8.397724,7.550103,8.351171,10.599999999999909
176,10.456981,10.183243,10.353509,10.777335,10.306331,10.705239,10.037149,10.646717,9.482309,10.949435,10.309429,10.848073,10.399175,10.684122,10.520251,10.196358,10.381912,9.912134,10.923462,9.626065,15.810000000000173
177,15.269196,15.217222,15.784808,15.196824,14.705265,16.006588,15.537107,15.217921,15.035061,15.222466,15.028486,15.656463,15.610984,15.490475,15.671079,15.479088,15.280775,15.608471,16.108162,15.512072,20.429999999999836
178,19.682314,19.574814,20.34479,19.695642,18.980358,20.645668,20.07591,19.66981,19.445765,19.579103,19.371552,20.173326,20.1307,20.00868,20.262995,19.962482,19.75248,20.202805,20.87271,20.020798,6.900000000000091
179,6.766957,6.7579236,6.494228,6.8878675,6.0459,7.0343113,6.61956,6.6996346,7.021066,6.739534,7.0069547,6.363764,6.9948926,6.5755076,7.1444607,7.0237036,6.9242883,6.7391963,7.4429026,7.1028295,-11.920000000000073
180,-11.649862,-12.146708,-11.915528,-11.954423,-12.305035,-11.087425,-11.524277,-11.207306,-11.566198,-11.332527,-11.391249,-11.700549,-11.526523,-10.989082,-11.149634,-11.816757,-11.8719635,-12.107157,-11.129426,-11.712691,-2.0
181,-1.8077564,-2.1905608,-1.8472605,-2.179942,-2.2067437,-1.7133653,-1.8781551,-2.0731604,-1.9529396,-2.0318284,-1.6097964,-1.7781821,-1.7659881,-1.8622096,-1.5238458,-1.9087392,-1.9099416,-1.9374933,-2.1525538,-1.827401,-35.32999999999993
182,-34.54297,-35.219822,-33.735844,-34.79111,-34.717106,-33.495518,-36.14279,-33.566006,-34.307297,-35.07168,-33.59343,-34.055492,-35.604046,-34.15685,-33.177326,-35.37916,-35.15586,-33.757492,-34.267612,-36.593403,-37.200000000000045
183,-35.91875,-37.881325,-35.451157,-37.14389,-36.97992,-35.088203,-38.137775,-35.668095,-35.813107,-37.303703,-35.150707,-35.26548,-37.71546,-35.878475,-34.022537,-37.47727,-36.95118,-34.69967,-36.235962,-38.665447,6.870000000000118
184,7.1254573,7.1573844,7.0820374,6.3508286,6.9033713,7.3578744,5.817824,7.143853,5.7930493,6.5513816,8.082228,6.6112347,6.512055,7.2673144,6.0338726,6.2692275,5.669146,7.419637,6.6048226,6.8299565,26.519999999999982
185,26.13215,25.435116,25.61009,26.574942,26.15207,26.899231,26.363874,26.456188,24.643023,26.620523,25.78856,26.434431,26.238716,27.045246,26.164968,25.919231,25.746054,25.701094,27.48712,25.747961,12.430000000000064
186,12.13624,11.905392,12.158417,12.061433,11.150892,12.343889,12.361536,12.326165,11.960669,12.21764,11.79092,11.7268505,11.93466,11.837079,12.663722,11.839703,11.949491,12.013937,13.477855,12.29038,-24.320000000000164
187,-23.890652,-24.613884,-23.82153,-23.689472,-24.298279,-23.101791,-23.514807,-22.689823,-23.45939,-23.296957,-23.410988,-23.759314,-23.43941,-22.390507,-22.830484,-23.33697,-24.35971,-24.228779,-22.581036,-24.226757,9.340000000000146
188,9.532949,9.507172,9.327033,8.92612,8.810531,9.762667,9.232216,8.866921,8.830473,8.760629,9.184732,9.691959,9.966988,9.512376,9.493299,9.416204,8.462693,9.188235,8.726237,9.715718,-28.980000000000018
189,-28.581984,-28.871645,-27.939445,-28.33181,-28.078484,-27.559269,-29.890337,-27.84685,-28.490433,-28.895462,-27.867292,-28.053335,-29.354763,-28.046562,-28.041414,-29.038872,-28.692013,-28.081408,-28.115484,-30.081856,-32.190000000000055
190,-30.786316,-33.058743,-30.798193,-32.108803,-31.983343,-30.392189,-32.88134,-30.731815,-30.868378,-32.131813,-30.169348,-30.7734,-32.7797,-30.995808,-29.39955,-32.18161,-32.268166,-30.27615,-31.187403,-32.88431,24.720000000000027
191,23.8924,23.989138,24.764359,24.674715,24.11433,25.728256,24.559189,24.94595,22.784136,23.81558,24.590883,25.160332,25.538433,26.320782,24.347004,24.458601,23.295063,24.332737,24.807869,24.71848,20.079999999999927
192,19.502682,18.890205,19.637009,20.250256,19.793983,20.113045,20.08594,20.263323,18.44451,20.22949,19.708078,19.401712,19.42562,19.75505,19.92618,19.55673,19.507965,19.365334,20.971899,19.785748,20.940000000000055
193,20.131653,20.48199,20.670494,20.352432,19.211273,20.897516,20.5638,19.969975,20.457186,20.04994,19.979124,20.455584,20.755686,20.395748,20.588808,20.560614,20.490541,20.495821,21.35746,20.7793,-9.509999999999991
194,-9.37669,-9.898213,-9.463647,-9.627683,-9.89019,-8.795067,-9.093966,-8.636987,-9.154696,-9.125406,-8.851637,-10.001097,-9.406844,-8.4990425,-9.341058,-9.206348,-9.918834,-9.826161,-8.508025,-9.18019,39.430000000000064
195,38.59073,38.463505,39.42771,38.21611,37.24324,39.73821,38.64367,38.09957,37.680084,37.38504,38.422577,38.809475,39.00164,38.91553,39.097176,39.25011,37.832794,39.084053,39.095135,39.36496,0.6499999999998636
196,0.46906662,0.17738667,0.6742976,0.9108528,-0.020974167,0.878973,0.68335664,1.3826947,-0.0745412,0.9133974,0.47181544,-0.0947753,0.8234896,0.2922947,1.0775919,0.29170853,0.14424756,-0.19303505,1.5859579,0.6096654,11.710000000000036
197,11.72373,11.340217,11.800107,11.552949,10.920163,11.846331,11.740256,10.424609,11.577471,10.733918,12.284417,11.366211,12.000251,11.451603,11.489865,12.154278,11.591659,11.19315,11.691637,12.332899,-3.589999999999918
198,-3.6209817,-3.6820283,-3.7303245,-3.440296,-3.5528882,-3.270176,-3.515378,-3.2584531,-3.555096,-3.4014828,-3.558602,-3.5898702,-3.63825,-3.3123467,-3.6754897,-3.5658329,-3.7641106,-3.828198,-3.4591515,-3.4560823,20.919999999999845
199,20.456062,20.426266,20.95051,20.217342,19.685028,21.13514,20.518312,20.21032,20.000196,19.907036,20.319675,20.653967,20.717287,20.637798,20.726873,20.826097,20.122292,20.66856,20.778076,20.888731,-23.720000000000027
200,-23.524366,-23.461336,-23.06738,-22.863964,-22.971058,-22.488714,-23.181515,-22.463707,-23.373281,-23.261236,-23.046675,-23.390121,-23.68495,-22.330404,-22.95188,-23.335447,-23.498375,-23.581942,-22.395668,-24.386864,24.52000000000021
201,24.18273,24.48519,24.41138,24.011469,23.435085,24.74786,24.170929,23.232672,23.294695,23.06022,23.802366,24.05114,24.592972,24.390461,24.104795,24.571882,23.48687,24.174133,23.725586,25.103443,-15.5
202,-15.5955925,-15.29866,-15.323385,-14.745233,-14.680097,-14.888025,-16.196934,-15.011682,-16.127983,-15.412904,-15.407387,-15.200744,-15.663912,-15.292567,-15.44923,-15.997057,-15.714583,-15.924857,-14.831525,-16.258717,5.509999999999991
203,6.0034914,5.3464246,5.8515105,4.6717796,5.0495925,5.713657,5.748796,4.6486883,5.097045,5.004667,5.7994356,5.2765694,5.830038,5.457539,6.1057816,5.4695945,4.99653,5.425781,5.04682,5.9930286,22.8599999999999
204,22.273195,21.587543,22.62128,22.695637,22.063135,23.016249,22.746347,22.804096,21.539019,22.553747,22.126154,22.71533,22.585806,23.04734,22.678904,22.611065,21.914402,22.230247,23.421583,22.57848,15.940000000000055
205,15.495722,14.998621,15.746062,15.5486965,14.581588,15.878775,15.904271,15.735173,15.259144,15.524865,14.920335,15.513962,15.444215,15.458735,15.950053,15.448149,15.345084,15.623974,16.752771,15.690406,-25.1400000000001
206,-24.750084,-25.372854,-24.531559,-24.387417,-25.024826,-23.942684,-24.307833,-23.419552,-24.355873,-24.168077,-24.266687,-24.606768,-24.28154,-23.093689,-23.790047,-24.213436,-25.262001,-25.031773,-23.334452,-25.152317,12.950000000000045
207,13.07217,13.114067,12.990621,12.476687,12.372545,13.298928,12.746487,12.272569,12.233281,12.170333,12.650576,13.125637,13.4060335,12.980526,12.902861,12.819657,12.102136,12.796368,12.261986,13.340209,42.58999999999992
208,41.48817,40.110935,42.136814,42.280125,41.0124,42.780277,42.156506,42.408585,40.197025,41.79899,41.26989,42.064068,41.879395,42.686207,42.299095,41.988876,40.70282,41.574867,43.59042,42.03764,0.5
209,0.49409997,0.29988897,0.29002273,0.2566247,-0.3439271,0.75707155,0.45606223,1.1119078,0.09118987,0.8167893,0.6526298,-0.72406805,0.46884128,0.16237278,0.6605251,0.77174944,-0.19810602,0.18958445,1.6732494,0.88632226,-31.789999999999964
210,-30.54872,-32.15315,-31.333479,-31.31668,-31.763573,-29.942873,-30.721556,-30.166563,-30.279356,-30.390213,-29.976648,-31.129755,-31.051168,-29.43652,-29.387709,-30.680798,-31.563204,-31.18216,-29.656752,-31.73037,-35.01999999999998
211,-33.78695,-35.6944,-33.381676,-34.97206,-34.796978,-33.029076,-35.896122,-33.506752,-33.682766,-35.07441,-33.07458,-33.268837,-35.536026,-33.753685,-32.043797,-35.24692,-34.837402,-32.749256,-34.096836,-36.25311,19.62000000000012
212,19.117054,18.982609,19.620312,19.303917,19.14362,20.592909,19.112158,19.960632,18.140966,18.772314,20.097334,19.692255,19.933868,21.130728,19.181725,19.186602,18.304619,19.276125,19.490671,19.412296,23.25
213,22.884527,22.048788,22.596191,23.330942,22.974157,23.406227,23.24985,23.283596,21.66513,23.310068,22.782812,22.729916,22.515644,23.08237,23.11732,22.6061,22.682644,22.261435,24.088203,22.729408,-7.920000000000073
214,-7.7222104,-8.255726,-7.8782797,-8.072195,-8.30681,-7.2659307,-7.625378,-7.0681634,-7.6078315,-7.5202,-7.3019953,-8.569337,-7.9365473,-7.1988397,-7.9868226,-7.6127367,-8.418805,-8.17724,-6.838671,-7.5044127,7.889999999999873
215,7.9869685,7.656015,8.07797,7.383063,7.486645,7.843011,7.924188,6.972155,7.42392,7.1458445,8.111044,7.687846,8.033954,7.9292903,8.084441,8.033336,7.545473,7.5259266,7.5171924,8.422022,14.800000000000182
216,14.47181,13.922389,14.661891,14.600381,14.157116,14.9259615,14.594697,14.7266245,13.967327,14.602885,14.291077,14.633911,14.480591,14.716417,14.659514,14.564152,14.159468,14.377466,15.275538,14.711968,-46.820000000000164
217,-45.941803,-46.68746,-44.863956,-45.517742,-45.72732,-44.737183,-46.226547,-44.070293,-45.65041,-45.8683,-44.707645,-45.68983,-46.64396,-44.334423,-43.94365,-46.061985,-46.7454,-45.414642,-44.581944,-47.970222,10.590000000000146
218,11.141753,10.878377,10.825976,9.797785,9.815383,11.339001,10.042206,9.961059,10.173256,9.920482,11.036173,10.742994,11.756373,11.207613,11.264376,10.613945,9.526492,10.9059725,9.282074,11.425579,24.159999999999854
219,23.840406,23.288189,23.20224,24.380486,23.982605,24.732153,23.508024,24.065544,22.375944,24.631758,23.638533,23.973799,23.805561,24.540136,23.960157,23.123888,23.735353,23.005974,24.735308,23.164513,-12.069999999999936
220,-12.179001,-12.411034,-11.92826,-11.627524,-12.019774,-10.94222,-11.61181,-11.0844145,-11.663659,-11.7888975,-11.630268,-12.27335,-11.677186,-10.882666,-11.881053,-11.748084,-12.492548,-12.214085,-11.155726,-11.884686,6.029999999999973
221,6.386048,5.818078,6.354935,5.348408,5.618719,6.1240005,6.2092433,5.24466,5.591207,5.4720197,6.334982,5.794408,6.298761,6.0241046,6.529007,6.0144167,5.5711336,5.8671117,5.6597433,6.5448203,-20.899999999999864
222,-20.545963,-20.830591,-20.138065,-20.469952,-20.408976,-19.803314,-21.298338,-19.95021,-20.421556,-20.73063,-20.071749,-20.20232,-21.157438,-20.19605,-20.053297,-20.901958,-20.700611,-20.28765,-20.233442,-21.64789,-20.779999999999973
223,-19.85909,-21.41824,-19.946157,-20.821539,-20.694439,-19.611694,-21.217707,-19.874165,-19.953867,-20.788511,-19.48876,-19.820223,-21.254555,-20.03716,-18.993517,-20.869453,-20.81849,-19.6184,-20.207792,-21.234806,-0.4800000000000182
224,-0.15943635,-0.12539122,-0.3671717,-0.4889139,-0.4509148,0.084131874,-1.3504356,-0.41917345,-0.6187937,-0.5277212,0.32115236,-0.26190004,-0.66830206,-0.3088868,-0.59197974,-0.5513467,-0.7909256,0.17999856,-0.58761126,-0.54620516,-22.670000000000073
225,-22.26334,-22.539452,-21.76949,-22.432932,-22.038277,-21.486063,-23.50318,-21.977955,-22.198177,-22.642017,-21.84889,-21.717571,-22.950863,-21.950268,-21.84063,-22.84598,-22.314259,-21.903566,-22.127726,-23.75974,-4.940000000000055
226,-4.5013695,-4.949016,-4.745374,-5.364216,-5.1915956,-4.556397,-5.3674936,-4.691351,-4.9809155,-5.0320497,-4.2602444,-4.820425,-4.9172015,-4.7006073,-4.006742,-5.0409513,-5.0437493,-4.3455663,-4.9012794,-4.734459,-26.25
227,-25.70335,-26.010641,-25.117989,-26.045643,-25.616926,-24.8474,-27.233397,-25.455564,-25.64224,-26.215569,-25.222733,-25.06966,-26.566183,-25.431698,-25.094038,-26.50298,-25.826788,-25.233433,-25.647552,-27.605423,-3.119999999999891
228,-2.7088516,-2.9728594,-2.8991296,-3.5182152,-3.291926,-2.7784834,-3.7080467,-2.8950052,-3.149337,-3.183412,-2.411429,-3.1092782,-2.9249523,-2.9383738,-2.2606356,-3.1215765,-3.2108045,-2.3698444,-3.3506262,-2.9926205,33.87999999999988
229,32.8229,32.350742,33.524323,33.771713,32.968388,34.040894,33.703754,33.918438,31.708965,33.39801,32.773766,33.87177,33.83685,34.54291,33.589138,33.678394,32.47687,32.985203,34.46696,33.20882,2.6400000000001
230,2.3943577,2.1754355,2.4414117,2.6437347,1.8365898,2.7917678,2.7546325,3.2282524,1.8345515,2.7926598,2.577722,1.8947012,2.6184428,2.140624,2.9343786,2.5518167,2.2756777,2.086531,3.5467885,2.7521563,51.76999999999998
231,50.504707,50.27325,51.747334,49.762054,48.409,52.078396,50.558956,49.840714,49.601036,48.97562,50.1655,51.080563,51.194435,50.699345,51.20861,51.30876,49.706352,51.222404,51.545856,51.340916,-2.380000000000109
232,-2.184738,-2.9390514,-2.4494624,-2.298553,-3.2955153,-2.1941342,-2.4731822,-1.3676127,-3.1168666,-2.105024,-2.3188047,-3.445727,-2.1035914,-2.7152615,-2.0823498,-2.3676999,-2.9838557,-2.972963,-1.2061142,-2.1187053,-0.2999999999999545
233,-0.083112836,-0.9034324,-0.06274222,-0.7159264,-1.4188958,-0.03984662,-0.018985603,-0.85408604,0.077767916,-0.24982105,0.72094375,-0.4045504,0.012897341,-0.83048993,0.3524085,0.89723617,-0.7733207,-0.001056239,0.63753164,-0.07400218,12.799999999999955
234,12.444017,12.353247,12.837917,12.540509,12.248617,12.857218,12.670671,12.60151,12.069628,12.4801655,12.340475,12.762735,12.706573,12.866271,12.687006,12.696484,12.263979,12.512555,12.9427185,12.67648,1.3900000000001
235,1.3129058,1.305157,1.2896668,1.3444474,1.0893326,1.5073311,1.4520873,1.5838628,1.0887121,1.5654454,1.3326331,1.1908121,1.367873,1.2053106,1.4439776,1.412487,1.3160276,1.1357969,1.7739298,1.5208389,2.5399999999999636
236,2.5792844,2.3520746,2.541902,2.602972,2.2551308,2.6686528,2.654745,2.2466874,2.614576,2.4408307,2.753319,2.5840538,2.6909075,2.443569,2.5292392,2.760732,2.5774508,2.3446555,2.6895626,2.7979755,-26.660000000000082
237,-26.073618,-26.7405,-25.480661,-26.081642,-26.122133,-25.41792,-26.70909,-25.232428,-25.869013,-26.195501,-25.38414,-25.877535,-26.708641,-25.408756,-25.01066,-26.461845,-26.606682,-25.746416,-25.588253,-27.303673,20.840000000000146
238,20.470581,20.723518,20.863535,20.621948,20.432827,21.424938,21.012337,20.161137,19.663527,19.855062,20.445225,20.886185,21.216413,21.651524,20.49393,20.949383,20.06575,20.563515,20.704943,20.831566,-18.720000000000027
239,-18.81167,-18.379717,-18.530592,-17.741457,-17.66339,-17.973738,-19.522835,-18.310738,-19.232008,-18.705254,-18.522081,-18.485735,-19.07407,-18.48008,-18.617315,-19.210115,-18.753534,-18.97609,-18.067732,-19.52926,-10.740000000000009
240,-10.160196,-11.214904,-10.160683,-10.678049,-10.898208,-10.143364,-10.42325,-10.541828,-10.199829,-10.424701,-9.525446,-10.523011,-10.560643,-10.094521,-9.505166,-10.327354,-10.544795,-10.176852,-10.62264,-10.316249,-13.910000000000082
241,-13.732712,-13.722098,-13.485023,-13.680527,-13.548476,-13.155636,-14.707495,-13.586118,-13.559729,-13.964276,-13.291536,-13.107719,-14.110491,-13.43316,-13.3582735,-14.281008,-13.416216,-13.277018,-13.8258295,-14.819072,3.9300000000000637
242,4.000467,3.9296813,4.007461,3.6744807,3.8684318,4.1330748,3.6275375,4.1473336,3.6283436,3.8321471,4.2187853,3.955894,3.8488193,4.268563,3.6925955,3.8322313,3.5539603,3.9598231,3.8989265,3.9815924,3.910000000000082
243,3.774617,3.7972097,3.8329923,3.948017,3.8360822,3.9817438,3.7405844,3.968375,3.4256086,4.173534,3.7515774,4.124706,3.8332562,3.946943,3.8326337,3.7964752,3.8580654,3.5956676,4.07712,3.4855347,-14.310000000000173
244,-14.023414,-14.431702,-13.764806,-13.975926,-14.004639,-13.639093,-14.05271,-13.498752,-13.932716,-13.92619,-13.738576,-13.922851,-14.283543,-13.48097,-13.550511,-14.109955,-14.224549,-14.021631,-13.692229,-14.5761175,35.950000000000045
245,35.06968,35.231785,35.916668,35.275536,34.452656,36.096287,35.655293,35.050083,33.925488,34.31697,35.033707,35.59934,35.743534,36.02165,35.820915,35.886116,34.45073,35.467346,35.857822,35.680614,2.4200000000000728
246,2.0444896,2.041047,2.2640562,2.6747541,1.8933637,2.7814357,2.432073,2.9459565,1.5820457,2.6992493,2.2229204,1.957729,2.5188692,2.0238886,2.652687,2.104636,2.0755553,1.5852356,3.3436713,2.290744,10.279999999999973
247,10.301959,9.973206,10.342374,10.233481,9.567495,10.4453125,10.309625,9.193303,10.217026,9.441651,10.8146925,9.965616,10.544078,9.943072,10.083283,10.699764,10.2356825,9.823119,10.376495,10.831203,11.329999999999927
248,10.959205,10.748068,11.284095,10.979426,10.508743,11.451301,11.140399,11.063295,10.75206,10.983771,10.710249,11.284281,11.096402,11.114609,11.269724,11.058241,10.966597,11.125501,11.693137,11.143756,0.10000000000013642
249,0.19039047,0.08441215,0.00029958412,0.054911975,-0.26959884,0.34994647,0.13524011,0.08830395,0.20872855,0.21688724,0.23114496,-0.20229499,0.09747782,0.110654674,-0.08005717,0.28830972,-0.12062232,-0.0426334,0.48863003,0.4487323,-15.789999999999964
250,-15.372633,-16.18611,-15.249637,-15.483029,-15.62735,-14.982724,-15.410317,-14.8618,-15.153117,-15.240062,-15.062714,-15.348379,-15.651828,-14.785203,-14.741683,-15.398039,-15.725852,-15.471062,-15.055786,-15.919538,13.379999999999882
251,13.112532,13.336462,13.422444,13.220254,13.079888,13.771496,13.525066,13.002968,12.613551,12.838006,13.1177635,13.430784,13.620175,13.947933,13.138334,13.4684925,12.927695,13.133881,13.358636,13.376166,-5.420000000000073
