,1_times_lag9,2_times_lag9,3_times_lag9,4_times_lag9,5_times_lag9,6_times_lag9,7_times_lag9,8_times_lag9,9_times_lag9,10_times_lag9,11_times_lag9,12_times_lag9,13_times_lag9,14_times_lag9,15_times_lag9,16_times_lag9,17_times_lag9,18_times_lag9,19_times_lag9,20_times_lag9,test_percentage
0,2.2236762,2.489491,2.9904523,3.9796095,3.9038596,2.5837233,3.6520696,2.496852,1.9763386,3.4285412,2.90138,3.771389,5.2301955,4.386671,3.3110251,6.1579924,2.4280784,4.719863,3.3065562,4.868493,6.039900000000216
1,14.355258,14.611708,16.35867,14.43565,12.434832,15.219202,16.152311,15.190746,13.603954,17.342567,16.016613,14.419431,12.417595,16.172205,13.616448,17.219513,14.015948,15.298743,12.799454,15.154337,17.729399999999714
2,13.125601,12.746302,13.357225,11.952466,12.021653,11.289756,14.324908,14.730035,11.925734,14.0319605,12.58258,13.561842,12.451653,13.859643,12.111614,15.503674,12.359848,12.13073,14.491476,14.378657,4.420100000000275
3,1.1519184,1.9476922,3.2561078,2.433219,0.6827469,2.1899335,2.973311,2.6815352,2.5901,5.368407,3.160764,1.8742661,1.7149467,2.264,2.1013439,4.8501425,1.6996593,2.4582942,2.150701,3.5642133,7.934699999999793
4,8.20994,8.000656,8.450941,7.972619,7.8466034,6.6890945,8.456772,8.261255,7.5727224,8.897153,8.569104,8.139491,7.978026,5.289837,7.9184637,8.850642,8.697115,7.3028145,8.5362625,9.697297,3.5106000000000677
5,5.97212,5.1076827,6.5488467,6.404759,5.481552,4.8432665,7.6530952,5.7178726,6.4324107,6.8962755,6.651391,6.275779,6.204747,4.250349,5.5323505,6.2739105,7.043851,6.9884405,5.36473,6.343955,3.595800000000054
6,-12.917453,-13.357089,-14.746157,-13.615428,-13.80679,-14.564921,-13.046272,-13.600704,-13.221228,-12.988226,-12.440841,-13.68261,-11.67246,-14.683546,-13.85033,-13.233254,-13.800529,-11.984394,-12.556157,-13.689212,-18.452500000000327
7,13.204579,13.135058,12.454983,12.788478,11.96612,12.41143,13.960884,12.661727,13.236042,12.021759,12.865198,10.905785,12.688951,12.077895,13.753643,11.807154,13.473421,13.767597,12.858164,12.633432,26.105800000000272
8,22.907896,21.784893,21.077368,21.549738,20.702057,20.2656,23.40165,22.580168,22.17814,21.084791,20.941336,21.262081,22.717035,22.406511,21.354837,22.655699,21.378317,22.781395,22.412575,21.625849,8.077299999999923
9,21.71889,22.836765,21.42549,22.02095,20.39742,21.52327,22.587856,23.393013,21.825645,20.716818,21.016905,20.833437,20.543066,21.310291,23.484121,21.734964,20.666105,22.859386,22.95544,22.666359,30.082700000000386
10,18.118088,17.520397,16.840233,18.366205,17.611452,18.238632,19.613462,19.645418,19.972893,17.304142,16.957779,17.9832,17.892147,17.483839,18.867867,19.483643,16.34759,19.516266,19.615452,19.660603,13.109999999999673
11,22.941185,24.28339,24.003124,25.32134,23.744572,25.553253,25.740734,22.668972,25.995916,25.42185,23.990074,22.210665,23.592224,24.131378,24.15913,25.44297,23.550451,24.615576,24.341887,25.374514,13.498199999999997
12,30.050343,32.71509,33.38732,34.72737,33.488693,32.737816,35.27979,31.375744,36.260063,33.12431,30.743784,32.325966,33.599915,33.598194,32.154373,34.85352,32.3262,35.02401,33.65921,34.69898,45.14260000000013
13,12.890615,13.461202,14.820537,14.602193,10.88117,12.982128,14.575922,12.828978,15.875654,13.879109,13.562261,11.213272,13.294433,13.660278,10.764708,14.456923,13.360889,14.729893,13.552226,14.957913,12.960499999999683
14,-5.6007586,-2.1841505,0.17336977,-0.00058209896,-2.9426866,-3.069537,-1.4095922,-3.6751044,-2.2212832,-2.2063165,-2.2708673,-4.317765,-2.193872,-2.5990062,-2.8055067,-1.3792404,-1.7872598,-0.15070486,-0.59594333,-0.03149414,-11.158299999999599
15,-6.907726,-2.9225304,-3.638135,-0.6090663,-3.2974668,-3.403579,-0.6690244,-5.303326,-4.120818,-2.3581846,-2.8995962,-5.8294683,-4.3210993,-1.4952772,-4.183029,-3.0715737,-1.7734919,-0.5143161,-5.034775,-1.6833732,9.821799999999712
16,-12.529877,-11.880784,-12.4588585,-11.117014,-12.391159,-12.430145,-10.169597,-13.44174,-14.669119,-12.0111475,-8.624175,-16.352955,-13.340676,-11.575447,-13.729402,-10.9208765,-10.320807,-11.234267,-14.60471,-13.380932,-35.128099999999904
17,-15.273267,-15.280398,-13.086943,-12.443698,-15.414691,-13.178655,-13.4733715,-15.306611,-16.602688,-14.90444,-14.136421,-15.577945,-17.69376,-13.911742,-14.061586,-12.770469,-11.9823885,-12.281946,-15.424468,-15.10288,-34.99170000000004
18,-25.591955,-26.1027,-26.23525,-26.527763,-25.848885,-24.079012,-24.2183,-24.53292,-26.658203,-23.362507,-24.99863,-24.585354,-25.338709,-26.684237,-27.109936,-20.655836,-25.199982,-24.321835,-27.989395,-25.397358,-7.175600000000031
19,-18.95667,-20.051151,-18.204905,-20.887264,-20.404694,-18.808767,-17.13211,-19.577742,-21.62147,-15.8811035,-19.360466,-21.672707,-19.661442,-22.536514,-18.871763,-17.553928,-17.553425,-20.012062,-20.873985,-21.075493,-33.85350000000017
20,18.415762,16.772223,21.889433,18.96344,20.512302,19.35941,23.384811,17.839306,19.934834,22.553764,17.969414,20.867216,18.217428,17.211002,22.016205,18.04324,23.185076,23.939407,21.37796,21.710337,15.100900000000365
21,-15.298739,-17.438019,-15.132339,-19.182352,-18.377317,-20.494745,-16.774757,-16.332441,-13.957591,-14.544918,-19.129343,-15.794799,-15.953385,-20.297707,-18.235786,-19.884981,-15.24279,-15.890358,-16.067867,-16.18425,25.416200000000117
22,-70.99364,-66.249855,-65.04357,-69.92754,-69.39491,-70.00829,-70.88744,-66.27369,-67.85545,-65.68985,-65.75429,-73.81559,-66.4068,-69.1442,-66.997795,-72.59516,-68.290436,-69.2701,-68.589,-70.64727,-116.84500000000025
23,-77.494514,-75.14014,-75.57657,-71.92416,-72.43955,-75.0578,-75.27156,-75.16576,-72.451126,-71.73893,-71.34127,-72.48856,-74.09349,-73.50388,-68.47384,-74.98958,-71.12081,-69.8095,-72.78404,-74.46098,-61.39220000000023
24,-82.08797,-79.730515,-84.939674,-82.03862,-86.761566,-82.90525,-80.98688,-80.25343,-79.20017,-79.45577,-78.78561,-81.37844,-80.43236,-83.36116,-79.93754,-84.609085,-81.29069,-78.42659,-82.36268,-85.68231,-47.20939999999973
25,-99.828354,-96.52726,-90.222015,-95.88916,-99.368,-92.11687,-96.37145,-90.80338,-96.731384,-90.77938,-92.5832,-103.76704,-97.35959,-94.857796,-98.66351,-100.73748,-91.91906,-90.09648,-93.109344,-98.932365,-132.19959999999992
26,-28.9724,-25.039385,-19.504904,-20.879337,-25.456966,-21.446615,-26.12991,-26.516098,-19.06107,-22.39476,-26.86678,-24.681824,-28.178019,-22.983225,-24.464794,-20.306362,-20.039694,-20.526947,-19.90825,-24.489569,24.274599999999737
27,21.949852,23.799526,20.007195,15.166432,8.745482,19.88168,18.093075,19.60862,20.524857,15.926388,20.152533,16.700922,17.397673,18.956358,18.933231,17.538397,18.808327,18.550879,19.06462,17.971762,30.833300000000236
28,25.70676,26.458014,38.97838,30.601044,31.644136,35.138416,32.216614,31.050472,26.423979,29.19531,32.53778,29.980267,30.452433,32.539158,33.24758,32.409267,31.009909,36.059532,34.669476,31.60401,14.200199999999768
29,45.617203,47.457108,53.070625,56.159748,56.127777,55.7286,49.12242,45.135036,50.675,49.869625,45.15651,51.645943,49.90927,50.644833,51.381245,56.970676,49.375523,55.72042,49.667984,56.55164,69.40000000000009
30,25.59486,27.548544,22.713804,20.89503,24.478094,26.500189,25.177265,24.23071,27.100845,26.324186,28.961792,19.15602,23.996235,24.972284,25.874432,23.614134,19.99119,25.034946,20.881056,25.833305,20.465200000000095
31,24.58349,28.122734,41.57012,36.2874,32.68092,36.125683,33.532303,30.94932,33.8881,37.518456,30.604496,34.417564,37.3835,37.772053,33.561893,38.01639,31.096832,39.95234,37.01302,33.94598,40.54959999999983
32,-27.59021,-25.03882,-23.844528,-26.88894,-28.128342,-22.73012,-26.368462,-26.488997,-25.828371,-21.293575,-25.186983,-24.573715,-21.513762,-19.733797,-26.659086,-24.978683,-27.6362,-19.25681,-26.727154,-22.185898,-37.50579999999991
33,-11.162258,-2.3159742,-3.7152429,-4.6389194,-6.7061443,-6.076367,-6.316854,-8.363831,-7.7730207,-1.7400001,-1.7447832,-8.290927,-10.568807,-5.497261,-3.0943902,-5.320378,-5.988413,-3.1038918,-4.7679214,-3.986186,-32.65990000000011
34,-3.9556851,-4.614938,2.914435,4.6918263,0.4899155,4.724057,5.4697304,-1.7583524,0.06424475,4.5814056,2.7794437,-0.5822034,-3.8622465,2.863894,-2.4930139,4.675574,3.4588194,8.367347,1.948285,3.5461807,14.346900000000005
35,1.0130615,2.6231806,3.5749626,2.4093857,-1.0769304,2.2252774,2.0936756,3.8338742,-3.3692832,4.490095,3.9018493,-2.4668298,-0.27062362,-1.107028,-4.1407547,5.364351,2.939806,3.674087,-3.723022,3.0929308,-19.226599999999962
36,21.053658,20.501707,22.039995,18.350965,21.451756,19.393581,21.599834,19.370544,18.393261,19.760029,19.573975,18.34596,20.088842,18.783993,18.676743,25.821331,23.539358,23.837723,23.483082,23.859013,2.3980000000001382
37,19.57471,22.149609,19.685741,18.706324,20.950537,22.724905,25.076792,18.21702,23.5441,21.576748,19.80314,19.160994,21.840899,18.729086,20.068493,24.842371,23.871864,24.110569,17.640276,20.868553,32.715599999999995
38,-0.27482003,1.655318,-3.3595939,-5.3395777,3.160543,-0.4389249,1.6783425,-0.55323637,-1.1669757,0.86278296,0.82254684,-1.9986229,2.7106133,-5.1905746,-1.0462384,0.41742384,2.5347846,0.29826164,-4.364065,1.0614272,-17.97360000000026
39,-2.2754195,-2.074452,-5.051221,-2.7748852,-0.43246794,0.011938095,-1.4695106,-0.4427173,0.29153526,1.1964482,-2.143124,-1.9634151,-0.08743131,-5.8950515,0.87858653,-3.4716167,0.59202635,0.17095244,-2.7934499,1.3046056,16.73720000000003
40,19.491798,18.052502,16.720016,14.833071,16.808285,15.481447,18.900745,19.55975,19.597673,20.505817,17.504822,17.45617,21.198135,14.07966,18.626583,13.517089,18.86786,19.052502,17.609913,17.769688,18.760099999999966
41,24.119509,21.674688,27.607891,22.288937,23.384579,20.669378,24.604904,26.508654,23.624968,23.50631,22.389343,20.514343,23.346048,22.646875,24.737438,15.235295,23.124884,24.221409,26.680302,20.82585,19.533600000000206
42,-9.652977,-10.625542,-8.429759,-8.16642,-9.808107,-7.8937407,-11.76872,-3.7090206,-8.153947,-8.000755,-10.7997675,-10.016966,-8.828247,-7.126438,-6.004774,-9.946863,-12.552062,-7.522209,-7.839584,-10.935864,-16.46030000000019
43,-15.460577,-16.255255,-18.300858,-17.982077,-18.660734,-16.957464,-19.416656,-14.967301,-17.671827,-16.50035,-18.279623,-17.20865,-17.800884,-18.630531,-14.965367,-18.514778,-21.768486,-18.409573,-18.16423,-18.327286,-18.85699999999997
44,-11.461283,-11.312264,-9.686631,-9.207884,-7.8408995,-10.5912,-8.7588005,-9.411181,-9.398039,-8.790844,-11.843221,-7.210246,-8.98769,-9.349234,-9.254025,-11.88814,-12.717104,-6.1399937,-8.093563,-9.462017,-0.26989999999977954
45,-18.270424,-17.058414,-13.6573715,-14.710524,-16.596199,-14.530915,-15.771506,-17.171083,-14.238829,-12.933659,-16.684893,-15.774918,-19.416819,-13.883579,-18.154572,-17.558258,-17.547564,-12.032947,-13.3829975,-14.565867,-21.22990000000027
46,-2.9783225,-0.8380516,-1.083459,-0.50185096,-4.902589,-2.5679262,-5.02421,-4.077544,-2.182918,-1.6684393,-0.13022995,-1.547893,-4.2322617,-1.7381984,-1.5588375,-1.7183278,-1.7551556,-1.9681898,-0.028009653,-0.6872492,9.369599999999991
47,-1.4925417,-1.3228321,1.434383,3.4044323,-1.8921965,1.9115007,-0.41477323,-2.9442163,-1.6436814,-0.2574432,1.300369,-1.1218643,-1.2586553,1.0867834,0.62502503,4.3519297,-0.4301327,3.3731601,-0.967383,-0.015832186,11.388200000000325
48,10.57377,10.742193,14.442241,13.649638,14.281158,13.597311,14.546453,8.541321,9.349518,13.208795,10.998283,12.236725,9.066559,8.0124035,13.504497,14.913584,13.039153,14.521927,11.802575,12.164611,-9.687800000000152
49,-8.769899,-10.768749,-10.018743,-10.092104,-7.302443,-8.783775,-7.5558186,-11.474913,-7.657554,-7.945156,-13.271574,-9.725792,-12.055523,-10.47407,-7.5875664,-8.211622,-7.8233166,-8.331478,-10.523207,-6.873724,-17.471799999999803
50,-85.40278,-86.77837,-89.44621,-88.94517,-87.89147,-88.92117,-87.29934,-85.797554,-87.08594,-84.53064,-84.8568,-87.09625,-84.81829,-87.38243,-88.83808,-85.92605,-85.05939,-86.81177,-87.31042,-85.89933,-110.71950000000015
51,-57.211636,-50.47969,-53.096718,-54.381046,-54.4881,-54.302296,-53.51556,-54.021988,-55.631207,-50.749302,-52.62178,-54.14412,-54.044548,-52.984077,-51.872368,-55.059875,-51.758205,-50.276783,-52.332962,-53.797325,-19.039000000000215
52,-12.622625,-12.830845,-16.049887,-17.33869,-20.053938,-18.121748,-15.37632,-12.6774025,-14.4889,-14.792023,-14.468542,-14.250754,-15.141135,-14.015815,-14.302372,-18.149448,-12.811729,-11.135624,-14.424034,-17.697577,32.927000000000135
53,-6.629683,-8.73696,-7.5259943,-11.847084,-14.420865,-12.5315695,-11.874792,-4.2436295,-15.829159,-9.329763,-9.185254,-17.385681,-10.507257,-9.901917,-9.809367,-13.917657,-8.34791,-9.314085,-6.9093466,-11.994644,-44.359300000000076
54,5.0227947,2.9097486,8.936617,8.679381,9.348595,5.473917,6.021325,7.2272887,5.3945694,4.8198676,5.7928214,6.209638,3.3879828,4.950107,9.255632,7.6189775,6.0475287,12.124311,12.430257,7.4097385,38.24110000000019
55,9.94628,6.839005,3.5719314,0.30544937,4.2945123,4.0175595,4.55537,6.2836075,4.1521206,4.731327,3.5753436,3.4578757,6.3069997,2.3562622,6.1791286,5.4730935,3.2047262,5.792332,3.373938,5.1743183,8.365999999999985
56,-13.1436205,-14.852747,-10.876639,-13.171482,-10.511135,-13.344145,-14.292859,-12.367719,-15.757248,-8.883309,-14.319813,-14.21623,-10.711691,-11.201387,-15.442584,-11.112867,-13.14655,-10.7521925,-11.134996,-13.9991665,-5.717599999999948
57,-6.006701,-5.3742247,-4.7434044,-3.2738566,-4.0078945,-1.5104223,-5.888236,-5.568342,-2.8229659,-4.699149,-8.525946,-4.398567,-4.1890116,-0.6069654,-7.885377,-2.1550245,-4.968992,0.12204516,-1.6434139,-1.5125062,-26.545799999999872
58,0.41371465,6.7837124,0.45193183,2.9841056,0.21885836,3.2826045,3.393673,0.10181522,0.82863164,3.041904,6.8847923,-0.26096606,-0.43403506,4.375216,2.3692496,-0.016422987,1.2920176,3.303556,1.4428965,3.0424461,-5.5218000000004395
59,-9.5733385,-10.429461,-5.6474347,-2.4891553,-8.1320915,-5.326389,-4.592175,-6.4061356,-10.4228945,-5.7759404,-4.2788763,-5.351202,-6.7965326,-3.0615802,-7.002363,-1.7386807,-5.3460646,-1.6382822,-4.3049693,-5.0751066,7.1822000000001935
60,35.76873,34.48008,41.388443,41.705555,36.840626,39.61079,39.90029,38.309727,34.28708,40.08829,36.623882,35.551014,36.354717,34.732254,34.957424,42.420452,35.70068,41.244797,37.407215,40.551098,52.02800000000025
61,25.350868,25.552633,25.896116,23.110193,26.732529,23.586731,28.479773,25.120493,26.062866,25.868732,22.751846,25.429937,25.86417,21.33984,24.397085,29.10973,22.026468,25.674013,26.142082,27.206427,17.760199999999713
62,-8.666977,-9.264427,-5.946325,-9.137949,-6.514613,-7.4017105,-5.409474,-9.36112,-4.8154573,-6.294614,-8.61758,-8.420029,-8.9434595,-8.772337,-7.568246,-6.8016415,-5.338314,-2.8777604,-7.9827046,-3.7840724,-27.923499999999876
63,-23.23883,-25.311644,-24.46548,-24.66595,-21.287405,-24.1843,-24.171404,-23.040987,-23.857147,-21.986475,-26.208078,-24.175835,-18.482346,-23.245453,-22.119846,-19.50656,-25.206614,-22.264368,-25.665812,-20.76648,-21.10620000000017
64,-34.429913,-33.37859,-33.618687,-34.618576,-36.639538,-34.60378,-33.261658,-31.656698,-36.306057,-31.964327,-32.77096,-35.560284,-31.140385,-34.743298,-33.718933,-32.35036,-36.402294,-32.20849,-37.047207,-34.592224,-48.40319999999974
65,-16.83884,-17.507542,-14.227559,-16.42105,-18.491528,-17.452404,-14.670184,-16.753937,-15.688025,-15.140803,-14.995946,-18.343021,-16.917002,-16.111942,-14.737036,-17.65146,-18.14199,-11.775527,-12.946775,-15.998347,-43.852200000000266
66,2.1922421,5.219682,6.4532256,4.8831415,3.8923233,3.3516715,6.5188475,3.8987975,7.698883,4.4679737,2.2207785,0.506006,2.5168157,3.2012005,3.5480719,1.4245101,3.9349663,7.2111554,6.5277104,2.4381037,24.602000000000317
67,-7.8694143,-6.4920225,-6.8256435,-8.271329,-9.471052,-10.68111,-8.804161,-6.98411,-7.194229,-9.28229,-5.371068,-11.975289,-8.309888,-8.7901945,-8.891567,-7.6979446,-9.241269,-6.682701,-6.2225103,-8.883999,25.97729999999956
68,-22.37843,-20.889977,-20.187523,-19.895948,-20.43378,-19.918795,-19.825424,-17.599384,-24.252968,-20.587305,-19.017033,-24.265923,-19.151752,-18.498693,-18.5792,-16.840906,-20.344936,-19.019276,-20.203735,-19.891613,-45.83349999999973
69,6.676075,5.8577776,5.035761,7.736915,7.5065365,9.398522,7.2057486,5.4202995,6.1574154,6.8095274,6.534396,7.7953625,4.4073467,5.464761,12.033139,11.400018,8.045444,10.294932,5.502706,9.669481,-3.530499999999847
70,40.931034,40.735577,43.05269,39.75915,42.940746,43.563442,45.713875,41.456406,46.089684,43.220997,39.52612,41.187798,42.151985,42.16352,42.36041,45.898357,42.885334,44.29635,41.150227,41.42244,60.91509999999971
71,10.513983,12.052215,16.920313,8.907118,11.95282,13.475938,11.275791,14.616341,15.9356365,14.165874,11.032162,7.8992596,9.885539,14.759651,10.4704,14.30853,11.629032,11.721306,13.133738,13.232526,-10.953199999999924
72,-22.986477,-19.280174,-21.241873,-19.200548,-18.934158,-20.944456,-23.180912,-17.441034,-18.832186,-16.893398,-20.84407,-19.479288,-19.346573,-18.188457,-16.95652,-18.951426,-20.209745,-18.86741,-19.236237,-17.078209,-42.94380000000001
73,1.7848564,4.1818213,0.8860465,4.2066045,2.1469283,0.5253098,5.832753,1.0565686,3.395882,4.5838013,3.9470272,3.3545227,3.0042439,5.4515414,7.2612896,4.0875263,0.3445282,2.1810408,2.642046,4.914713,7.201500000000124
74,4.5317783,4.0136037,5.542759,7.6686068,3.368801,7.6133432,9.313103,6.2471123,6.4051466,9.076801,10.526216,5.9837174,5.2644367,9.072961,6.6632314,8.439815,5.476529,10.06597,6.647122,6.0721827,-1.0543000000002394
75,22.464182,22.514246,29.707203,26.757807,22.640444,25.963524,23.799183,24.996273,24.87886,25.744219,20.901062,20.527699,22.560774,24.75457,22.85816,27.509754,24.84853,25.154833,27.006683,27.02367,19.681300000000192
76,-8.804586,-6.8662677,-5.443352,-9.534772,-9.582775,-7.4094863,-7.8883305,-5.6069136,-7.1081934,-5.915799,-6.4568534,-8.024972,-7.7117286,-7.17496,-9.064062,-5.960233,-8.786342,-5.9640074,-6.7364483,-6.657459,-9.825200000000223
77,31.488611,32.6745,36.312885,33.268574,34.105766,33.363926,34.128845,31.388956,31.203234,32.520935,34.005253,29.384933,31.806307,34.07016,32.904873,31.980719,33.998375,33.566925,32.457394,32.29576,45.61140000000023
78,36.49656,34.700424,37.580082,37.590275,36.99437,38.870453,37.531162,36.238144,36.719727,37.028297,35.28681,35.7732,35.082043,39.33265,34.513294,40.323105,36.76576,39.66053,33.693645,36.557323,24.852800000000116
79,7.948477,6.818904,7.330614,6.0620465,4.732828,7.0360484,5.843753,5.681517,3.5320935,8.966712,6.845231,5.0530753,4.977592,5.0863156,4.554301,8.211768,5.9936438,5.816801,3.9361985,7.3517566,-2.347400000000107
80,13.18469,13.266882,12.771933,12.520728,14.68586,12.230495,15.911274,15.800647,14.588635,13.877849,12.693747,12.148624,14.478811,15.554181,14.647329,14.387314,13.76812,15.457117,14.571365,15.000783,15.262499999999818
81,-5.5038085,-4.10212,-6.12215,-6.155159,-6.6672297,-5.303011,-5.4939947,-4.7522373,-5.340425,-1.4368659,-5.0635505,-6.9597173,-5.3250766,-3.9282722,-6.2960463,-2.7156339,-5.829015,-5.362421,-7.194852,-4.678068,-11.149499999999989
82,7.3210464,7.151149,8.3221655,7.61904,8.467304,5.069529,8.435871,9.247993,5.5175457,9.713936,5.39429,7.287482,6.3300624,6.659321,7.8131037,8.249941,7.771357,7.9896398,8.963176,10.088049,10.768800000000283
83,-4.7631855,-6.9868746,-6.881671,-7.147992,-7.9156218,-6.823063,-5.839206,-4.693197,-5.105275,-6.122988,-6.4064384,-8.023254,-7.9953756,-6.7503047,-7.8979044,-5.956564,-5.3359995,-5.651293,-6.247023,-5.999173,18.086299999999937
84,-9.949624,-10.061361,-11.184811,-11.547797,-11.385071,-11.23192,-11.063904,-8.926348,-13.171141,-9.444014,-9.7002325,-13.456203,-10.277797,-12.753329,-10.168459,-12.117691,-8.610438,-10.477659,-10.174726,-11.462543,-22.553100000000086
85,10.971859,9.986384,10.499998,11.594429,11.578264,10.148384,11.45528,11.61421,10.434717,11.115313,10.068575,10.376919,10.139219,11.566853,13.059059,10.825716,12.094135,13.886143,12.526618,11.969709,-15.282700000000204
86,22.912333,22.479794,21.562563,21.38601,21.917868,20.658424,21.315413,23.835987,20.998808,22.352287,20.830107,20.421919,21.97366,21.458155,22.765438,23.026344,20.379152,21.550674,19.863945,22.241194,39.02089999999998
87,4.472211,4.8123226,5.654909,2.6353664,2.6383395,4.257353,3.3605392,7.082802,2.0834315,3.5859404,3.8000016,-1.1572492,2.266008,4.3620553,4.8352146,3.8671474,2.4713635,3.630106,3.1582265,4.726244,20.537000000000262
88,-9.177828,-10.270543,-6.4071126,-6.1203814,-8.725707,-7.568923,-8.817031,-7.063505,-11.205259,-6.400233,-9.515531,-10.246037,-9.167722,-5.5745745,-7.963598,-6.615701,-7.3851967,-6.177515,-8.132441,-6.82485,0.5093000000001666
89,-2.0477834,-0.70900667,-0.6130544,-1.9281337,-1.716081,-2.715239,-1.0019611,-3.0389152,-1.4939238,-0.48298728,-2.3156877,-1.9627033,-2.4251394,-2.1330693,-2.0288413,-0.9675114,-1.0534239,0.031846046,-1.4277953,-0.7901784,-45.38550000000032
90,15.753389,15.15317,18.770247,16.509796,17.891108,16.808756,20.690498,17.122429,17.371412,19.165543,16.66473,15.319846,14.416065,16.088127,19.823952,16.57726,18.684704,18.52754,16.61338,15.467464,-14.313599999999951
91,-30.090048,-30.626028,-31.095243,-28.889208,-29.457132,-30.128168,-30.143353,-28.15943,-31.615671,-29.849554,-32.19211,-33.165028,-30.216812,-29.66368,-29.46556,-27.281977,-29.249449,-28.418226,-31.23259,-30.831459,-13.347400000000107
92,-66.72331,-63.912285,-66.638504,-66.052986,-64.821976,-65.125694,-64.81482,-62.811516,-67.03634,-64.291,-66.29476,-68.71344,-66.69484,-66.68254,-64.93384,-65.83762,-63.687607,-65.64608,-68.197556,-62.899525,-6.221099999999751
93,-84.16257,-82.00947,-87.28656,-85.87138,-85.436584,-84.97163,-85.05127,-81.46082,-86.08908,-79.85133,-83.347206,-90.483025,-81.70634,-85.58432,-83.56997,-83.73009,-80.512436,-78.25649,-83.33282,-83.66091,-14.621599999999944
94,-77.62421,-77.7683,-79.81808,-81.98161,-82.40226,-78.33933,-77.91681,-79.47625,-82.56938,-74.49199,-74.305214,-85.77075,-80.200714,-76.2666,-79.50842,-80.008064,-74.881615,-73.50881,-81.917274,-80.57654,-79.01710000000003
95,10.65479,8.081627,12.702028,10.35139,9.285636,6.735458,6.552489,6.4637985,7.375693,8.979577,8.655204,12.483727,10.955785,9.2486,14.795273,10.206233,13.216101,12.679302,10.211801,11.39774,54.0302999999999
96,30.400417,27.450832,26.753904,22.626408,25.105986,26.728178,26.014868,31.097412,26.215418,24.592085,24.844278,23.472801,26.414396,23.433685,26.131012,27.380306,26.368757,25.368042,23.896929,25.592316,-20.336499999999887
97,-4.576069,-7.5078073,-5.66114,-6.9133472,-1.0440823,-5.653166,-10.669853,-4.9715385,-11.972864,-3.9873147,-5.814763,-9.071289,-10.427262,-6.962539,-1.831858,-6.5736613,-7.608668,-7.7623844,-5.3501368,-5.811967,16.053699999999935
98,4.566258,1.860218,-2.073702,0.9965757,3.1899538,0.5231824,0.93826854,2.72251,-0.9654001,-0.13675427,-1.0642804,0.075775504,-0.08494735,4.3021297,5.3369026,4.2710977,-1.2992711,3.6306767,3.5873117,5.0051947,23.014599999999973
99,-8.79632,-3.7202182,-4.847269,-6.7679324,-7.541642,-7.8421774,-1.574169,-5.679016,-8.192792,-0.9534042,-6.618931,-11.954343,-6.3036036,-3.1461601,-8.058788,-9.91466,-10.229084,-2.97325,-6.443664,-8.900244,0.9747999999999593
100,-6.0902386,-3.614109,6.214721,4.758749,1.6853435,2.6876848,-1.3752646,-2.3234646,-0.8010814,-0.6146902,-6.623776,-0.7207105,1.8571365,2.8110085,-4.6378174,2.506474,-3.1508183,4.6011662,1.8366704,3.302898,-5.681500000000142
101,-37.01704,-37.677486,-34.75457,-36.95228,-39.269062,-34.911934,-37.50912,-36.383114,-37.531242,-32.401535,-34.59988,-36.855022,-36.881416,-36.39201,-39.75564,-38.583965,-37.174324,-32.871704,-37.755314,-32.018097,-42.35099999999966
102,0.37476873,3.1237934,3.2620783,6.1317096,3.212017,0.23996782,2.9532812,0.3424647,-2.5806627,0.5725844,2.7921548,0.08257842,0.94095457,3.857456,3.2906768,4.1580467,2.8793414,0.7411486,1.868847,6.3760247,-14.364700000000084
103,-4.2566805,-5.735361,-3.5916605,0.069900155,-3.9656167,-1.1456997,-2.0248694,-4.623084,-5.2504883,-1.6553057,-3.133241,-4.971697,-4.5164433,-2.2981014,-3.7728338,2.9115753,-3.6689785,0.559222,-6.130555,-1.1799991,27.01870000000008
104,-14.287294,-14.6641865,-14.681859,-16.049164,-13.702748,-13.212753,-12.834855,-15.057062,-17.060123,-12.605922,-13.888104,-17.647425,-17.141514,-20.944923,-15.540971,-14.398418,-17.101097,-12.76875,-15.135151,-15.110023,-30.00530000000026
105,-14.7180395,-16.089867,-10.977323,-15.182443,-12.251452,-14.5290365,-12.877841,-15.551568,-13.60742,-14.012182,-16.230137,-13.9504,-13.716331,-18.357677,-12.983955,-13.112653,-12.381184,-8.576068,-12.520776,-13.113606,-5.636799999999766
106,-59.261612,-63.350067,-63.03648,-65.70447,-61.952988,-63.902035,-65.068375,-65.02199,-62.44581,-61.438797,-61.730026,-62.78735,-57.708687,-62.76418,-63.40316,-61.737038,-62.943684,-59.26603,-64.864204,-62.534985,-22.258900000000267
107,-92.43956,-89.61937,-95.67665,-96.10451,-93.640816,-95.16911,-93.54151,-90.2726,-99.04607,-91.37776,-90.22394,-97.84144,-89.05405,-92.60142,-91.36354,-97.51968,-92.41376,-90.44245,-94.293594,-95.44708,-114.07870000000003
108,-50.39287,-52.690174,-53.332905,-49.792484,-52.64733,-51.559322,-52.886456,-51.478867,-51.880814,-51.28423,-48.428852,-50.126705,-57.04399,-51.728214,-48.896477,-52.943707,-49.746204,-45.90481,-50.494526,-52.67283,7.909300000000258
109,10.377507,6.1340632,3.4983177,0.27347112,-2.9114177,-0.07962382,1.2605419,5.868412,2.9876204,2.3957624,3.3949146,0.16613996,2.1209583,3.4652827,3.3084683,0.5095048,2.6313922,1.0295987,4.2873683,1.0127372,-39.921499999999924
110,-12.945187,-11.405512,-2.9727645,-11.1077385,-9.049391,-6.768157,-12.071214,-6.77313,-10.441926,-10.962971,-8.52962,-12.060652,-12.028618,-9.670186,-7.1487255,-12.038983,-11.32348,-6.661214,-4.274032,-9.453218,13.950399999999718
111,-18.828405,-19.52384,-19.020306,-18.539684,-17.75923,-17.407248,-20.28202,-19.055534,-14.651247,-19.268723,-22.525272,-19.11079,-20.896978,-17.155985,-20.147917,-18.117609,-17.637243,-15.013599,-18.679699,-18.745264,-30.423899999999776
112,-13.067141,-11.223402,-14.006904,-11.94746,-16.736782,-14.124515,-14.010951,-17.39179,-15.753772,-11.953615,-14.543356,-14.255662,-14.941008,-11.313784,-13.614627,-14.919811,-12.3088665,-11.265872,-14.23377,-15.5756855,-14.828300000000127
113,-66.781715,-67.5572,-65.65626,-63.40186,-67.42113,-60.85306,-64.37959,-68.38737,-67.46676,-63.644505,-63.99899,-67.35178,-61.144833,-60.16482,-66.74655,-60.399918,-66.17816,-59.865036,-63.743706,-64.383095,-31.33060000000023
114,11.772008,13.357116,13.04388,9.346261,7.0217075,13.294743,9.586121,10.7607155,6.9894066,11.811001,11.363964,8.379582,9.889094,13.498039,9.35786,5.916701,13.071347,12.995924,7.6044073,12.3375,-26.280899999999747
115,27.925528,25.082045,31.444723,28.253595,30.398134,25.206684,30.226343,27.460335,29.1333,28.293476,25.02938,28.556078,29.34765,32.59024,25.800821,31.993649,29.673141,28.930267,30.966951,31.891033,60.52149999999983
116,-8.609542,-8.131604,-5.427909,-12.638488,-10.825909,-9.993959,-8.056822,-7.4640684,-8.382624,-7.722807,-11.420154,-16.537119,-9.482281,-8.707098,-11.544763,-5.968438,-10.804944,-6.8565435,-10.644667,-8.840794,-71.86109999999962
117,-29.377327,-31.775282,-30.38272,-31.217518,-25.9426,-35.983788,-32.118286,-32.99364,-32.54015,-32.4423,-33.219875,-33.06549,-31.350418,-34.63511,-29.525074,-31.117561,-29.368834,-29.649813,-27.837664,-27.308407,11.330799999999726
118,-21.12569,-20.263317,-27.893694,-23.907354,-22.755629,-23.625126,-20.759935,-23.446613,-22.917671,-20.056526,-26.209675,-23.93962,-18.682482,-20.502018,-23.712496,-17.696472,-21.460136,-17.97194,-24.336332,-20.845291,-27.76180000000022
119,24.963434,27.659668,25.8948,23.886822,21.982138,22.413462,22.962378,24.444067,22.263058,28.62427,24.074203,19.55408,21.87624,24.21176,24.627579,21.9418,25.714422,26.576944,28.426216,25.648424,-25.24409999999989
120,59.088234,56.984158,59.441788,60.932705,61.816174,59.361397,64.04935,63.029694,65.16466,56.947052,53.898506,55.879105,60.881813,61.999573,58.52006,60.329353,61.18516,61.97918,64.80415,63.435913,13.346600000000308
121,37.81538,41.058598,36.781967,36.422184,34.794918,34.339188,37.452686,41.979305,37.26233,37.11904,35.629616,28.127062,34.757042,33.640762,36.459366,38.92343,37.07427,36.012794,35.528408,35.986366,67.88099999999986
122,-2.3055272,1.0847566,-2.167065,-1.4233742,2.355769,-0.5799185,-3.1341667,3.7691393,-0.72591865,-0.12549365,-3.1937485,-5.551584,3.2930589,-0.21869493,3.0064387,5.5577264,0.9690385,2.7628076,0.0721401,5.6427827,12.515699999999924
123,-8.874174,-9.810468,-9.555769,-6.1662655,-8.253935,-4.837818,-6.955683,-8.270643,-10.999165,-4.3528357,-9.077134,-13.929866,-10.578681,-6.362422,-6.5730987,-3.4835067,-7.291959,-1.3298591,-10.3207855,-5.8215733,-49.85410000000002
124,39.209515,40.410686,38.61651,37.223675,37.657036,37.846416,43.38648,39.31736,43.45832,43.822166,39.167698,39.9351,41.940903,42.109573,40.421474,45.551502,44.02804,41.78716,41.958538,42.58179,59.88750000000027
125,23.122192,21.585314,27.509325,19.383331,16.737783,25.766296,27.887226,28.29434,28.458738,25.033436,23.707827,18.68373,25.056217,29.744154,17.87058,24.802938,20.23455,25.108923,25.133652,21.511284,-6.4749000000001615
126,2.2805471,5.9476166,9.564391,6.434641,7.384453,2.6531465,4.619399,8.072536,4.1681986,9.34587,2.2229426,5.948683,1.8865826,7.8747716,7.29749,5.3070097,6.5764847,5.39559,8.288724,7.290791,-17.141900000000078
127,10.547546,12.489878,8.997721,13.1435795,12.105507,7.770551,13.809745,12.189565,10.587416,7.6191163,8.647966,10.988988,9.878733,15.012955,13.653142,12.360416,8.307907,14.098715,10.757465,12.505271,-15.915899999999965
128,-24.034107,-26.53301,-30.291695,-26.082052,-25.477032,-28.390224,-21.505344,-29.334944,-30.127079,-25.193275,-19.007004,-32.610264,-30.500435,-24.39715,-22.455156,-26.239115,-26.201733,-27.472107,-28.099733,-27.937197,-10.86889999999994
129,-13.268684,-19.294472,-14.012629,-11.748695,-13.187589,-9.9239855,-15.931959,-13.427076,-17.99144,-12.129489,-13.117717,-17.447424,-17.056292,-9.382438,-16.463326,-10.571167,-13.588206,-10.111241,-13.854956,-12.957434,-14.71160000000009
130,36.551147,32.548218,37.75804,35.84755,36.134495,38.079906,34.57882,31.692335,33.257626,40.374798,34.071796,31.842896,33.773304,34.855145,32.966312,40.088886,36.347855,36.32505,33.135185,36.134377,56.72580000000016
131,26.250141,28.066933,31.149872,22.981062,27.592228,25.958305,27.273323,26.965563,30.85922,28.085806,27.625643,26.475534,30.491037,30.766474,26.178381,28.612694,27.179543,28.108805,31.726662,26.453669,30.27119999999968
132,29.563904,32.34354,32.49481,28.763275,30.96539,30.571356,29.081156,32.72472,31.12357,32.54056,29.578407,29.46821,28.418541,32.614647,30.47047,29.956585,30.485334,31.101236,32.982895,33.477932,46.01940000000013
133,9.80075,9.829182,9.23091,10.141772,11.338696,10.113226,10.01621,11.649575,8.624395,11.819627,11.213536,9.775547,11.618734,11.557816,13.640112,11.296513,12.9921255,11.78405,9.129151,14.681315,-1.915100000000166
134,-20.840536,-23.004402,-23.703442,-22.40194,-21.589245,-22.392881,-20.777817,-19.429657,-23.174858,-18.7064,-17.774113,-22.695345,-25.048672,-19.90889,-17.238068,-24.032112,-20.463415,-23.19599,-22.158033,-21.818207,-21.421299999999974
135,-14.949789,-17.926353,-13.853113,-11.381943,-14.687332,-11.281683,-12.644735,-10.177649,-11.748077,-8.2703085,-11.710239,-11.090355,-16.623293,-12.351432,-15.535348,-12.680065,-9.984256,-11.212972,-11.7160225,-14.454113,-8.631599999999708
136,-15.348864,-14.709657,-8.788382,-13.420412,-15.658506,-12.335653,-15.8333,-11.1438055,-9.437624,-6.080759,-13.946818,-14.796938,-14.162788,-12.340316,-16.364708,-15.540908,-12.351263,-14.51709,-10.706429,-16.284208,-4.544300000000021
137,-10.696578,-8.778924,-4.4385266,-6.6344185,-7.590413,-8.537745,-8.734089,-7.316057,-1.488045,-2.9183657,-7.69337,-7.4225454,-8.413386,-7.956149,-6.82113,-10.471764,-7.5514436,-9.069702,-1.0358664,-5.6977196,7.351400000000012
138,-47.38889,-44.18988,-43.311466,-44.005646,-46.857372,-45.767254,-46.748817,-44.29087,-40.123226,-40.951805,-44.714287,-43.770603,-45.12027,-44.528423,-44.272213,-46.43057,-43.233017,-44.47976,-41.868195,-41.5369,-51.86720000000014
139,-45.4531,-43.213795,-41.7347,-41.130455,-41.676704,-44.185425,-43.084274,-42.95641,-43.412025,-39.950817,-41.994118,-43.161526,-43.068886,-44.489223,-42.804565,-46.247643,-40.473404,-42.407948,-39.34424,-40.212326,-56.509799999999814
140,-59.98679,-62.49944,-61.235317,-55.85362,-57.74295,-58.047894,-58.886738,-58.111706,-57.20014,-58.486862,-57.915806,-59.98722,-61.92085,-58.098812,-58.76765,-60.021618,-56.40574,-56.77912,-57.701004,-59.249336,-27.58100000000013
141,-28.818075,-27.480228,-27.834032,-26.504662,-29.339142,-26.936914,-26.857225,-24.371445,-28.84482,-24.597252,-25.889084,-32.16137,-31.139807,-28.20623,-31.56562,-28.516218,-25.07866,-26.196566,-27.987537,-29.27921,-35.28639999999996
142,49.237583,49.70089,52.58023,49.811733,48.11499,48.347557,47.84612,48.80995,51.60012,49.322773,46.400715,47.336555,45.749886,50.769287,47.82864,52.23729,50.495083,51.69672,52.985123,50.623093,74.2175000000002
143,12.902971,17.661469,16.777039,10.148781,11.767378,13.451737,13.718765,14.692399,18.144884,13.243904,11.368157,11.3127,13.909119,16.033842,13.0540695,16.405628,11.782158,16.093592,16.108591,15.388019,-35.30440000000044
144,1.1649435,6.46195,11.504671,6.3544927,8.95823,6.567483,6.3722234,6.1588902,6.07886,8.178064,2.9805512,5.313856,6.826509,5.546506,11.206835,7.6571507,4.019371,7.5634694,8.181735,10.033218,50.3122000000003
145,21.729681,22.461088,20.551886,22.488096,21.352802,24.975899,24.397955,22.621828,22.986378,22.12888,18.951876,23.389942,25.040806,25.57536,24.220058,24.237055,20.647795,26.755045,20.343672,24.1393,0.9281000000000859
146,18.707998,21.859032,23.084446,19.95235,17.172125,18.365257,20.186043,18.35153,19.66765,24.079067,18.035353,17.789513,18.88105,22.85264,20.149767,18.433905,17.552382,22.307669,18.427496,16.716688,-9.4378999999999
147,7.0496435,7.4426703,7.1640325,7.964769,9.459557,8.772156,10.958264,8.5591545,12.333191,5.0663776,3.2262201,7.390505,9.175886,13.843147,6.862745,13.204704,6.9165864,12.722269,8.4526005,10.635732,-4.907400000000507
148,-43.008266,-43.248207,-42.469208,-41.40398,-44.741295,-42.242306,-42.658344,-39.273968,-41.067238,-38.14207,-40.03739,-46.432102,-44.481937,-42.992256,-45.68153,-40.528,-44.412228,-41.117146,-45.344093,-40.691074,-57.70699999999988
149,-14.241906,-11.02664,-9.198309,-11.16577,-9.761797,-14.172405,-9.4467945,-10.306933,-14.929674,-8.970002,-14.602221,-13.900913,-11.119182,-12.267246,-10.159552,-7.34276,-12.037725,-10.006806,-9.971703,-7.9540005,-18.065900000000056
150,-22.217321,-25.832287,-20.776796,-20.348728,-26.553082,-20.565695,-20.572271,-21.866442,-21.501034,-21.253689,-21.575768,-26.60621,-23.295042,-20.825712,-25.73275,-17.381655,-21.554617,-19.253311,-24.358654,-21.560991,-36.22569999999996
151,16.159298,18.19871,18.663937,14.833758,13.957699,14.167863,17.191994,13.664756,15.117495,17.254236,16.12731,11.99463,15.075764,14.991611,13.837468,18.087574,16.48301,14.365105,19.029488,17.372244,29.49980000000005
152,18.981506,18.439127,22.340439,19.209558,18.86782,20.63343,19.538528,20.895433,22.973087,18.520428,15.233708,16.24489,18.608902,20.646235,16.642908,19.7849,19.908688,22.346107,18.221306,18.206743,35.36059999999998
153,-6.1646876,-6.83419,-6.7149835,-8.479759,-10.278824,-10.470422,-10.091173,-7.289143,-13.572224,-7.911388,-7.358713,-10.080177,-5.524004,-10.667021,-9.52061,-8.113737,-7.7835155,-8.173717,-12.984005,-8.507722,-19.218199999999797
154,3.3956966,1.7020361,0.61130786,3.2015276,0.9008881,0.32097685,3.533772,4.2028656,1.9288168,-0.21610796,0.2505169,0.4419676,3.6496134,5.4070463,3.3472085,0.18461609,0.8247926,6.0129647,4.7568736,3.4280634,10.016200000000026
155,5.408479,3.411361,1.0954701,3.0843067,1.3562584,4.312929,4.1228504,6.317701,6.7952213,3.5085638,3.7323995,0.96191525,1.576554,5.946644,2.3905728,5.4724436,1.0847045,6.3950424,2.298109,4.6835103,4.80639999999994
156,40.8715,41.541893,44.35514,43.466522,40.27227,39.15833,42.41296,41.97158,40.188885,40.18051,38.675877,39.521893,39.653744,41.591316,38.995407,40.78907,40.751152,41.68881,42.148117,42.4296,51.46820000000025
157,18.179956,17.692537,22.082993,21.648687,17.936052,20.579506,21.704851,20.234005,21.43331,19.333462,16.795824,18.402744,17.73199,20.79084,17.196117,20.821276,18.307316,22.720758,22.676163,22.630047,-2.9182000000005246
158,-24.697508,-20.760803,-21.673748,-20.246088,-19.87223,-22.585733,-20.96492,-22.05093,-21.386074,-20.904327,-22.709538,-23.585321,-22.81466,-23.200855,-21.354494,-20.996246,-21.903164,-22.535435,-21.173704,-21.521582,-8.686099999999897
159,-34.5411,-34.595688,-33.21729,-31.633032,-32.57521,-33.944313,-31.45788,-35.669132,-33.353237,-34.110504,-34.574677,-32.678406,-30.412512,-31.858044,-34.47332,-30.089132,-33.056694,-30.977465,-34.990723,-32.25885,-31.557999999999993
160,-18.555502,-21.192373,-17.88581,-18.5255,-20.12971,-20.727776,-18.93374,-21.411404,-20.576664,-18.534195,-21.237894,-19.79938,-19.365026,-19.727041,-21.437695,-18.553446,-20.307688,-16.191412,-22.476254,-20.17763,-12.48680000000013
161,-7.714712,-13.846093,-13.121955,-13.336946,-12.153718,-15.238412,-11.083603,-11.3183975,-13.857075,-13.582394,-9.258319,-12.079708,-11.270901,-10.7262,-10.367588,-10.899293,-12.579567,-11.792415,-11.504591,-11.526611,-4.5154999999999745
162,39.836163,35.322315,38.99994,38.238216,38.6376,37.582188,38.556564,37.299706,37.662,34.375854,37.613274,34.486755,35.44447,36.244476,42.759758,33.651722,38.611244,39.54669,39.31152,37.80356,29.846000000000004
163,-17.523584,-18.263035,-19.80844,-20.134754,-15.280275,-22.21732,-18.677994,-18.697128,-15.76396,-20.646675,-19.51345,-19.373304,-18.236057,-17.355213,-18.864946,-20.344416,-20.821682,-16.077204,-17.489326,-18.859585,-46.24359999999979
164,-46.524723,-45.141075,-47.56535,-47.128746,-46.292847,-46.474117,-46.31729,-48.774506,-48.21584,-47.513996,-46.612137,-47.454044,-48.10827,-44.1475,-43.508755,-46.24565,-48.340527,-42.025433,-46.839176,-45.58061,-12.74389999999994
165,-4.099686,-2.9615793,-5.587019,-4.8770137,-4.698429,-6.049055,-3.038538,-8.317818,-6.1253033,-4.573113,-4.5801272,-6.2011366,-5.3374705,-3.8753262,-4.6147966,-3.8011484,-3.2881594,-5.0595846,-4.27428,-4.603622,10.70779999999968
166,-15.838591,-14.153903,-16.311897,-16.551311,-20.38279,-14.560301,-17.509695,-15.737668,-17.00356,-13.033337,-14.676447,-19.039286,-17.976324,-14.092426,-17.167559,-18.773905,-13.621754,-15.308942,-18.88232,-16.735476,-32.81619999999975
167,-25.085318,-23.607216,-23.221113,-20.479576,-24.097404,-24.271029,-23.77111,-21.11565,-24.031378,-22.84522,-22.088934,-19.141972,-25.662928,-20.700886,-21.748955,-21.59405,-21.083904,-23.438356,-19.623005,-18.967745,-4.684799999999996
168,-13.441385,-13.313415,-13.384858,-14.775247,-15.498203,-14.6455555,-13.024422,-13.942493,-14.820807,-13.110237,-13.792434,-16.164051,-14.480893,-15.619018,-14.688255,-11.859713,-13.439245,-13.507602,-14.801442,-14.985317,-8.689600000000155
169,24.625776,22.90843,28.678589,23.920658,26.812002,23.75263,25.707787,20.402418,23.673973,27.998625,25.493301,24.820475,23.469221,22.888563,25.04539,25.36589,26.159054,26.022842,25.353918,26.039286,30.4683
170,-15.464463,-18.139065,-19.691572,-18.859867,-17.824974,-18.753265,-17.653282,-18.188848,-18.938787,-17.260143,-20.048843,-18.764404,-17.910072,-17.901722,-19.02603,-15.672825,-18.582342,-16.014675,-18.197172,-18.491318,-4.9353000000000975
171,-7.6016536,-6.9182215,-9.96681,-10.516801,-8.900173,-8.682266,-11.368486,-6.638443,-13.432984,-6.776456,-7.494049,-13.292994,-10.506738,-8.699715,-7.480571,-11.84746,-9.259638,-9.581427,-8.070935,-8.585437,-29.854499999999916
172,21.66381,21.244827,20.052305,21.698606,23.20457,22.384073,21.410362,24.163958,20.464579,21.448895,18.929895,20.476784,21.843365,22.716043,20.532368,23.159567,19.204008,23.90038,22.050339,24.08549,48.16150000000016
173,29.847622,29.02265,27.751923,26.337715,26.631437,27.47324,28.626024,31.860434,26.99732,31.160734,27.403307,25.886179,26.898235,29.536621,24.931522,26.784325,25.533072,30.239895,26.935574,28.634043,30.90020000000004
174,13.414206,12.108357,13.662769,12.810077,12.038263,12.595154,10.619789,15.502439,10.37167,12.098532,12.357449,11.734603,11.094627,11.551078,10.556995,12.672041,11.461598,11.90392,16.303724,15.222933,-1.606499999999869
175,41.874832,45.35551,45.793137,48.56653,46.5021,47.175728,45.0713,44.05486,45.950554,46.793602,42.97605,44.705425,43.19972,45.09006,45.12844,46.916782,45.739758,47.1439,44.955635,48.55102,68.24099999999999
176,20.84546,20.716085,19.02336,19.99284,18.713963,18.830854,21.893862,18.811508,21.080925,22.54624,22.140984,18.59428,20.515821,19.579855,17.463043,19.750776,19.07417,20.241417,18.923428,20.227377,-16.346300000000156
177,-5.5052357,-2.8349428,0.7119577,-0.4355843,-2.1826527,-0.65452707,-1.8240328,-4.889123,-3.8117409,-0.9007226,0.3861146,-3.4384503,-2.661248,1.3431057,-1.080499,-1.6888182,-2.361331,2.5900831,0.17084968,-0.18541348,25.674799999999777
178,-0.6498133,-2.3025184,-2.8425493,-4.045077,-4.7835054,-3.1521637,-2.4849992,-2.9764864,-3.5218005,-2.683944,-1.319619,-5.918502,-1.9232444,-0.25345266,-3.409269,-1.6350317,-3.136241,-1.0880101,-6.951939,-0.95842886,-15.038499999999658
179,37.23526,35.979977,38.19283,34.508865,35.984898,29.760094,36.617294,33.224686,29.92606,37.32315,36.65275,31.195816,33.145245,38.209118,39.296017,34.86606,36.068485,36.355717,33.96187,35.467422,29.57529999999997
180,-71.55416,-74.70069,-74.27066,-73.303665,-71.20147,-72.64745,-69.87426,-71.28284,-73.19747,-72.41484,-72.36728,-75.60275,-71.983765,-69.61374,-69.690094,-69.40498,-75.18727,-67.93941,-72.54369,-71.50979,-104.8397
181,-48.475445,-46.501614,-49.536243,-50.738377,-45.638687,-51.4006,-50.288254,-49.754635,-50.011612,-44.008736,-48.252857,-52.125584,-53.001038,-51.29133,-44.71759,-49.726524,-48.923164,-48.444126,-52.789375,-50.189144,4.502599999999802
182,-63.51473,-67.018326,-70.593605,-70.4798,-64.142044,-70.64628,-64.88348,-67.431725,-64.11093,-67.812035,-66.82066,-67.25567,-61.90812,-66.14027,-64.84143,-64.42127,-66.13181,-60.905502,-67.70071,-68.11363,4.823699999999917
183,-103.51926,-100.9201,-104.38967,-112.83848,-106.83513,-106.704544,-106.760544,-105.97993,-109.45473,-98.79407,-102.48187,-115.771065,-104.85836,-103.206894,-106.462425,-110.994385,-106.023636,-102.78507,-108.55858,-109.476685,-142.37919999999986
184,-48.200832,-52.54888,-53.986877,-48.94296,-51.035206,-57.898846,-57.043118,-52.57475,-55.048347,-56.84717,-50.199886,-47.367718,-51.378742,-52.523872,-46.36081,-53.918175,-47.81461,-49.225365,-49.02907,-49.372116,23.454999999999927
185,2.3609362,-1.1792412,-9.046113,-8.829336,-7.199294,-4.889909,-3.392793,-2.423866,-4.0822396,-4.78338,-5.634298,-11.404533,-3.6450863,-6.167821,-2.9853044,-6.4158583,-6.689534,-3.88961,-6.799009,-4.885245,-38.81410000000005
186,24.013605,25.362316,32.19763,25.916222,28.794165,23.37511,27.211203,24.272902,21.61582,25.745775,21.21817,23.583649,21.036402,25.62811,27.169878,22.314621,26.463516,27.144665,29.88002,23.59239,-21.76879999999983
187,-29.233723,-33.294804,-37.11103,-32.414696,-31.773537,-33.848095,-36.90292,-35.386173,-31.824308,-34.77216,-38.01797,-34.547527,-36.496548,-29.572773,-33.21653,-26.686768,-35.751614,-30.6905,-30.173227,-29.56488,15.284400000000005
188,-44.579205,-36.282047,-45.823727,-44.854618,-45.57386,-43.205685,-42.735996,-42.102158,-45.768185,-36.32182,-39.776764,-51.95459,-44.304287,-39.38748,-45.584774,-48.92465,-47.453403,-46.71319,-45.946983,-49.111237,-75.19540000000006
189,38.03414,42.356354,51.913578,53.628967,40.735508,45.20307,47.799545,44.530464,39.65365,48.612286,42.10715,43.66794,47.48301,48.780064,43.788387,51.738438,49.43183,56.382935,47.596336,48.62784,64.04660000000013
190,36.94344,23.907574,32.189564,28.500793,20.924536,32.16112,28.52241,27.28732,26.755825,34.57053,30.538605,29.359848,30.393759,32.2799,25.769281,34.48712,28.52079,33.573784,29.394144,31.591797,104.41100000000006
191,-11.763864,-11.890017,-7.8880253,-18.593979,-11.16078,-18.130054,-11.960985,-9.552963,-19.668528,-11.800479,-14.106428,-19.876307,-13.589139,-16.506903,-15.051494,-12.915335,-11.581139,-13.342875,-7.65471,-11.815419,-60.050700000000234
192,-31.294716,-32.082054,-27.77669,-28.563797,-19.882599,-26.466326,-32.158066,-29.173174,-27.070047,-24.63971,-26.659613,-28.681097,-28.524431,-25.380993,-26.07062,-20.066319,-28.35602,-22.557419,-30.197657,-21.591421,8.4695999999999
193,-40.018253,-38.41329,-46.957573,-53.56469,-48.970592,-50.193443,-44.40932,-41.578014,-50.758453,-40.26644,-44.08932,-45.729538,-39.959198,-47.722786,-46.73402,-43.165733,-44.578323,-44.884743,-49.193,-46.388824,0.5044000000002598
194,-73.372795,-74.17719,-68.60109,-74.036545,-75.55556,-71.41012,-71.704475,-67.1633,-80.46604,-66.40545,-68.75251,-80.106125,-70.72523,-70.23355,-75.02498,-71.082054,-70.98111,-66.88133,-71.01617,-75.05541,-4.952700000000277
195,-58.757748,-60.540455,-59.264587,-59.906036,-60.32783,-57.806995,-58.643078,-57.895065,-58.309174,-53.725967,-60.2481,-63.686615,-57.018616,-56.182228,-61.37458,-59.3975,-57.95746,-53.749153,-58.059864,-53.16591,-56.743499999999585
196,0.99762917,6.939207,3.0094218,-1.5734532,-1.638694,-2.8379898,-4.950146,-0.37469673,-0.601405,2.4761114,4.353213,-1.7361151,-1.3256545,1.1984075,3.1441414,-4.8231053,-2.0672948,0.82982063,7.572734,3.5662646,25.94479999999976
197,-16.226112,-19.468334,-12.794173,-10.806989,-13.319357,-13.35537,-9.556303,-12.740274,-14.678981,-14.363168,-10.038389,-18.401587,-11.297103,-13.639449,-12.256645,-11.137596,-13.378073,-8.014774,-12.2073,-13.479915,34.735099999999875
198,-4.2562265,-7.878516,-6.009199,-7.0873733,-1.3967175,-2.079317,-2.48337,4.484828,-8.834889,-1.3678262,-6.918447,-6.2426944,-3.897057,-3.4321537,-1.204615,-7.6673517,-8.551432,-0.4909184,-8.141959,-5.021646,3.4540000000001783
199,40.936314,38.344284,37.85564,36.040672,43.49612,35.76312,43.85642,37.37612,35.23762,36.927227,35.27631,41.4872,38.669876,36.521694,38.978367,40.20143,32.365513,39.228268,39.81396,38.49858,70.23900000000003
200,12.000451,7.246808,12.411906,3.9316626,9.528838,10.466822,14.648887,9.778423,15.747428,9.919739,9.113377,6.2491407,6.8003054,17.11093,7.3737707,9.245829,4.192894,14.174665,7.475187,8.7539625,-11.045599999999922
201,-26.496632,-23.596186,-15.044531,-22.41752,-19.890366,-19.999496,-22.506073,-23.3614,-25.473225,-21.465986,-24.712914,-23.48031,-18.994997,-19.783236,-21.138203,-22.859468,-28.082594,-19.636745,-22.415947,-20.943691,-6.074200000000019
202,-29.636261,-29.74885,-27.536585,-24.888762,-26.589472,-24.12022,-28.133408,-30.419512,-29.288254,-25.581886,-28.395073,-27.12874,-25.060785,-26.3451,-28.422138,-28.230585,-31.284966,-24.555676,-30.396812,-26.365156,-18.014400000000023
203,3.1591232,9.199934,7.773731,9.190475,4.662323,6.975693,8.506417,3.431704,2.709175,8.158787,11.302381,5.1857014,0.33150136,8.1674595,7.809751,3.7166195,4.572242,9.079441,6.564862,4.748138,-5.709800000000087
204,-41.268913,-46.006092,-37.414154,-36.625065,-42.88313,-36.71802,-38.077667,-43.84904,-40.01666,-40.46027,-35.224586,-42.579395,-43.869114,-36.604717,-43.265995,-38.668037,-39.62695,-32.893467,-37.916145,-39.10844,-36.760699999999815
205,12.642045,12.290628,18.160818,17.73037,13.113562,17.202196,11.253878,11.0293,10.823565,15.087924,13.627831,10.339058,10.454981,14.162611,12.287461,13.406483,16.51937,16.367006,9.446587,15.5274315,31.647999999999683
206,17.12969,19.14321,19.759703,18.309649,20.64161,18.92829,21.450865,15.902861,17.747646,19.091871,18.942978,19.788675,18.43191,19.468348,16.615387,24.050152,20.655727,21.701508,17.805082,19.80878,24.360000000000127
207,-15.785383,-13.907246,-14.977848,-16.219784,-14.240188,-9.8110695,-13.957397,-17.451677,-14.83557,-10.165879,-12.35379,-14.923607,-15.226249,-12.835564,-12.600609,-11.670889,-13.769273,-10.978718,-16.261936,-12.663604,-22.63700000000017
208,12.429943,11.5698185,10.94457,11.23858,14.841327,13.011897,13.044255,10.708722,14.113037,14.079379,11.632329,13.458438,13.245211,9.914791,15.661308,13.861223,15.923487,12.55682,12.352291,16.506268,35.927900000000136
209,16.179895,14.963386,14.666414,14.189869,16.376078,16.161844,16.503496,16.864838,18.601238,21.323345,15.005039,14.71276,16.229006,14.852494,14.99973,15.27504,18.370222,15.818787,13.720349,18.005041,10.939300000000003
210,24.310366,24.804142,32.72277,27.775227,29.374786,24.944265,28.13424,29.118382,26.869854,31.203468,24.449736,26.21598,24.998177,25.717775,29.481743,21.769209,28.547113,27.622812,30.53769,28.487192,24.40189999999984
211,-44.33894,-45.892017,-44.68382,-45.614296,-45.144947,-44.691437,-47.575897,-41.62954,-38.822193,-41.30347,-43.13322,-44.499813,-44.746063,-43.30071,-42.05578,-45.34515,-47.852108,-42.6723,-42.15673,-46.147076,-57.6570999999999
212,-23.721445,-16.936346,-20.617104,-19.410572,-18.805182,-20.40415,-22.426437,-20.231533,-19.435017,-16.730541,-20.210793,-21.378685,-21.43444,-19.723022,-14.53197,-22.292498,-20.821054,-19.62063,-18.591642,-22.487522,5.65079999999989
213,-29.586452,-28.610195,-26.264101,-26.844824,-25.579632,-25.721107,-23.78105,-26.810547,-22.738983,-23.539679,-27.379568,-25.58683,-25.088337,-24.49498,-26.661236,-27.60937,-27.289194,-19.230162,-22.912876,-27.87303,-6.071399999999812
214,-50.41573,-48.257393,-46.90106,-49.935127,-49.729515,-48.16797,-48.09088,-47.414925,-50.372448,-43.794537,-45.650494,-51.636803,-51.42458,-48.486088,-49.279762,-51.849773,-49.262188,-45.07438,-47.02226,-46.01241,-65.95080000000007
215,-13.016504,-13.718219,-11.2887335,-9.139703,-11.7602005,-12.376272,-12.341669,-10.981738,-10.601972,-14.878155,-11.043355,-9.9982,-13.817593,-11.801032,-11.738909,-9.126954,-9.681944,-9.62943,-8.610867,-8.5442505,-3.6729999999997744
216,-5.803879,-7.3714375,-4.561881,-6.4779415,-8.629203,-5.7417674,-5.1361,-7.816486,-5.6347947,-5.8074627,-8.95871,-10.433169,-8.23398,-4.58697,-10.798208,-2.9665842,-6.2625475,-6.399421,-7.9766855,-6.6771994,-1.1309000000001106
217,27.61722,27.976942,33.40732,30.043854,30.022858,28.819376,30.854633,26.503382,25.08564,25.656464,24.38963,26.685131,25.886358,30.047464,27.058294,29.89256,29.485952,30.050379,30.23854,28.982155,27.05729999999994
218,-20.832127,-24.085632,-26.145016,-24.226837,-25.774855,-20.43159,-23.257767,-24.71963,-23.457615,-25.933483,-25.965046,-24.316286,-23.35016,-21.254356,-26.698477,-20.247746,-24.297876,-21.260157,-22.831581,-22.099518,-34.29309999999987
219,7.6566734,12.207162,4.358074,9.783104,9.140473,9.60297,9.1664095,7.4230785,5.2906218,7.103311,8.900547,5.1544604,7.635049,10.304254,10.181841,10.860834,8.9651375,6.8634305,6.696378,8.154241,20.74409999999989
220,46.186382,42.718887,45.933075,47.79063,44.403816,46.936943,51.825012,43.574287,45.568115,45.2165,43.551697,45.874775,46.398758,45.34841,43.782547,48.00329,45.698746,50.168488,43.36481,47.011585,66.61049999999977
221,34.808926,32.802067,36.316128,33.547756,33.046783,33.03813,37.72572,36.205418,32.35036,36.76515,28.761953,31.099075,32.40091,33.120598,31.320951,29.33388,30.065775,37.03508,33.404354,34.822132,11.159700000000157
222,-20.206612,-18.98666,-20.299341,-22.123337,-19.674137,-23.0217,-18.794678,-18.82667,-18.239609,-20.642584,-22.244547,-20.495321,-20.246008,-21.078478,-18.87402,-19.826694,-21.96059,-20.055634,-16.909811,-18.066948,-16.152599999999893
223,-46.28549,-44.26162,-47.0859,-46.572624,-45.82119,-46.19845,-44.607952,-45.043938,-42.718983,-43.42911,-46.058,-47.32637,-43.695107,-43.404507,-45.77301,-42.455624,-47.958847,-42.820553,-47.208504,-44.816547,-44.62379999999985
224,-13.871711,-11.328329,-11.564316,-12.3031645,-12.941788,-15.240458,-9.504267,-12.810577,-14.627019,-10.526533,-13.276283,-12.9817,-12.077201,-14.990042,-13.937267,-13.742769,-12.963058,-10.625961,-11.604534,-12.20988,0.7062999999998283
225,-8.009786,-8.691027,-7.8854623,-8.323787,-11.258864,-9.17879,-5.78364,-7.8134995,-7.6027184,-7.822239,-8.775755,-9.726584,-11.475852,-7.0492325,-11.133578,-7.8367324,-9.170362,-5.062594,-5.957363,-6.686152,-21.30540000000019
226,-2.5885615,-2.357541,-3.4548914,-4.416118,-7.15464,-5.64956,-5.3702,-2.5620756,-5.378636,-5.4197273,-2.1369,-6.01552,-7.869603,-6.421814,-4.943372,-5.023679,-2.9950182,-4.501277,-1.2010652,-4.9831953,9.50590000000011
227,5.6264544,5.4873147,7.1531124,9.103877,6.749399,8.506226,9.052976,7.6202135,8.174807,6.083401,6.217455,5.1350856,7.8188815,4.8154063,8.618362,11.1243725,5.356651,10.393795,9.062058,8.108444,8.064499999999953
228,27.472656,24.308893,26.763918,26.2555,26.497654,26.860037,30.123821,24.776371,26.08635,27.664768,23.5011,25.881023,23.512138,23.794792,27.19325,26.066954,26.420315,29.382494,24.800808,27.668234,31.896500000000287
229,-22.02654,-24.318361,-25.937155,-26.367973,-24.706528,-25.358139,-22.847109,-24.856716,-25.273024,-27.2489,-27.659908,-24.843128,-22.807323,-22.877491,-25.540524,-22.8979,-25.560986,-23.183958,-24.517473,-22.848228,-40.30840000000035
230,-20.715025,-20.581352,-22.16362,-22.628853,-23.632368,-21.238033,-21.595488,-21.795643,-23.163164,-23.762644,-22.36225,-25.205248,-24.421108,-21.004398,-22.926424,-22.88062,-22.564749,-19.187546,-22.652565,-22.974417,4.233000000000175
231,-0.8358551,-0.9886857,-3.1189647,-2.5482886,-5.2838936,-2.377503,0.9078313,-2.8230796,-3.5110211,-3.4278991,-2.4823184,-3.2352037,-0.66739225,0.95272434,-3.6739788,-1.5104187,-3.4185498,-0.23697424,-1.7444023,-1.7374197,-21.32420000000002
232,-10.263662,-9.486575,-8.17663,-9.392136,-13.954329,-8.14619,-9.509577,-10.312856,-13.5036545,-10.002983,-8.954962,-12.703138,-13.767664,-7.431999,-9.176069,-11.819101,-10.770782,-8.13549,-11.175452,-8.482879,-27.086099999999988
233,-5.356571,-6.094041,-5.407674,-4.998959,-5.8619313,-5.4960876,-4.5223007,-6.0766335,-6.2194257,-8.273251,-7.304204,-7.819886,-6.8569174,-4.5877094,-7.653776,-3.3961234,-6.6592097,-4.70154,-4.4835644,-5.0232787,-13.295900000000074
234,-24.879293,-26.67614,-25.949942,-24.459675,-28.94534,-25.170593,-24.118181,-25.826841,-26.155855,-25.486399,-24.856531,-29.138077,-26.400948,-26.48433,-27.038824,-22.674652,-25.76886,-26.422997,-28.30902,-26.099073,-20.016900000000078
235,3.336127,2.2402637,3.2559505,3.4001205,3.6340058,4.491638,6.0131454,1.450225,1.7450883,2.8147035,0.51342857,1.9198666,3.2826624,1.5786545,3.1349084,5.5425377,3.3434188,3.774429,2.8777308,4.572489,10.75649999999996
236,-10.393601,-13.221915,-13.2630415,-12.603527,-15.080496,-11.433203,-9.834343,-14.566698,-11.384045,-12.646546,-14.005256,-15.617461,-12.450583,-11.538241,-12.952855,-9.839153,-11.391279,-11.877733,-14.320354,-9.744897,-22.18809999999985
237,-13.195787,-13.009114,-14.791196,-15.621062,-15.854555,-15.190746,-12.728407,-15.100874,-15.031816,-12.632874,-14.802016,-16.15708,-15.088355,-15.436402,-13.155286,-14.932331,-12.947126,-15.64103,-12.084561,-12.5745735,-6.5250999999998385
238,-8.53859,-9.148159,-9.194088,-9.0071945,-10.322955,-8.208138,-8.82215,-7.668852,-7.8745046,-8.991536,-10.181495,-10.426774,-9.636069,-6.771876,-9.138051,-9.093004,-9.257911,-9.452671,-9.90728,-8.933188,-15.207499999999982
239,1.9005675,1.7297494,1.144367,0.8929082,-2.6933916,0.36513317,2.4892764,1.0673375,-0.23110485,2.6468105,-0.34558868,-0.21202588,-0.48985207,0.66133547,1.0995792,-0.7054162,-0.14239037,0.5302478,0.30914652,0.55410075,10.809799999999996
240,-13.388894,-13.626134,-14.769031,-13.881317,-16.23165,-13.548991,-13.819031,-13.331227,-13.101644,-15.30258,-15.113997,-15.825163,-14.290756,-11.555327,-14.549243,-14.474506,-16.161861,-13.231892,-12.398727,-13.411687,-28.605199999999968
241,5.4568634,5.998787,6.0183344,6.385908,2.7188606,5.414621,5.519332,6.3822026,4.691272,5.6845517,5.493798,2.7924104,2.0394583,6.782306,5.6900544,4.66892,4.6324825,5.5847297,5.41977,6.674369,-0.9282000000002881
242,42.25883,40.80158,41.70392,42.02619,40.59775,41.290382,42.178196,40.925346,40.276665,40.56869,40.248573,41.052063,42.08388,43.172733,39.590176,43.686443,39.930008,41.086254,42.196426,42.708454,50.50540000000001
243,31.207317,29.475536,32.323666,31.81749,27.36872,31.663036,31.590302,30.98183,29.55416,30.927736,29.95075,26.920404,29.792501,29.8173,27.845037,32.88874,29.849102,31.425762,29.879189,31.756502,18.2204999999999
244,11.918568,9.124588,11.056984,10.122982,9.860659,10.358056,11.232285,10.128271,8.563744,9.70246,8.264116,9.155723,9.996253,9.568687,9.4616375,12.891318,10.26637,10.848096,12.438454,14.23183,-6.626499999999851
245,10.828382,12.279172,10.851367,11.054335,11.513704,11.109796,13.171899,11.16829,10.811542,12.989337,9.273453,9.98515,12.431653,11.826548,9.460647,13.759664,10.65494,11.514757,9.780973,13.360867,17.882700000000114
246,9.321386,9.258135,7.5373154,7.7628336,7.916046,7.433055,10.66773,10.16435,6.147848,9.261313,9.512744,7.281751,10.589894,8.795146,5.8982725,9.950695,6.768526,9.346504,7.4856834,10.294348,-9.246399999999994
247,17.087313,16.995424,17.54334,18.32765,13.886294,17.454508,19.31513,19.2795,15.870204,17.945057,16.670298,15.536347,15.906878,17.880758,16.294958,17.822952,17.215607,17.803553,19.035633,20.803547,18.73279999999977
248,-4.0481076,-4.9149847,-6.039512,-7.67743,-8.826562,-4.9791512,-4.106959,-2.9737592,-7.0693226,-6.356031,-3.675856,-7.05138,-6.362047,-5.923834,-7.342183,-5.4432936,-6.8320084,-5.249114,-5.5245047,-4.8596125,-18.065999999999804
249,26.001396,25.954582,26.74525,26.179237,23.5875,24.564621,27.66244,25.815845,23.57187,24.440832,25.672285,21.70407,25.063766,25.531088,26.1772,23.765339,26.082792,25.007563,27.201462,26.26014,34.57960000000003
250,12.447669,9.266035,9.773514,10.951299,9.403448,11.074936,12.534771,11.658467,9.343803,8.019047,7.4279947,8.623171,10.960636,12.0613785,8.774052,12.838993,9.172233,12.843518,9.36214,10.238021,0.0771999999997206
251,11.689053,11.315654,10.97997,10.550801,7.6453896,11.370024,11.120113,9.656888,6.6828575,10.147363,9.750975,7.8808737,9.704276,9.491183,10.049955,11.456081,7.7384706,9.224836,8.066858,10.73697,-10.785099999999602
252,30.914303,29.823406,29.637613,30.345045,31.303123,31.509302,34.674343,31.617552,30.986027,28.159187,26.825659,28.66807,32.506832,31.800444,32.361572,32.62944,30.078117,32.644207,30.168833,32.736927,36.36859999999979
253,3.1853416,0.5225781,1.3502395,1.6133661,-2.0428472,2.1576114,2.665863,1.5425527,-0.17465949,1.5536202,0.92237484,-1.9035469,1.9704672,1.6424185,-0.3783518,2.7835598,-0.4560163,0.045981646,-1.9903804,1.1833457,14.503799999999956
254,-22.855312,-22.570074,-23.021954,-22.605263,-24.725554,-22.75747,-22.536924,-21.811378,-26.822414,-23.675356,-23.83778,-24.695063,-21.69094,-22.626137,-21.494757,-22.131603,-24.987272,-23.184843,-22.940214,-21.984205,-30.80529999999999
255,-10.657238,-10.698755,-10.346763,-9.348801,-12.257378,-10.463201,-8.775499,-10.987075,-10.444123,-9.975466,-11.888926,-10.79925,-11.916918,-8.156698,-10.601385,-10.057233,-10.390261,-8.627613,-12.304083,-9.22826,1.300000000000182
256,-3.7243812,-3.9321363,-5.9784207,-4.0741897,-8.440849,-5.2603054,-3.1939712,-3.9410248,-5.860522,-3.7524185,-2.9094849,-6.7883277,-4.1827855,-3.253996,-5.5964074,-4.115139,-5.2907147,-6.164839,-4.9860506,-4.5647473,10.68939999999975
257,-4.1956434,-5.397389,-1.2908145,-1.6579144,-5.3477716,-2.4963765,-2.086958,-2.0250707,-4.418768,-1.7807624,-2.856762,-5.9476733,-5.514482,-1.2307543,-3.0618987,-3.338001,-3.626963,-3.5476112,-2.999066,-1.7398734,10.029899999999998
258,-4.360732,-6.0811543,-4.518963,-3.5140352,-5.7590218,-5.61147,-4.78395,-4.46129,-5.410568,-4.1932125,-5.5243244,-4.9396424,-5.2544765,-6.2153373,-4.759291,-3.8185363,-5.2545652,-4.9170566,-4.5461845,-2.6235323,-4.7466999999996915
259,-3.8653321,-3.4743655,-2.8146496,-3.6560984,-5.901117,-3.6428204,-1.7919927,-4.495541,-2.7226057,-4.8387623,-3.6981912,-6.9327965,-4.5426073,-3.6702747,-3.100429,-3.6660585,-3.410386,-3.9220922,-3.5332837,-2.788796,-2.7231000000001586
260,-16.347443,-17.802994,-14.761411,-12.409387,-16.33562,-13.686041,-13.276846,-15.93844,-15.123701,-13.891117,-15.131039,-16.121063,-14.698037,-13.972261,-16.4243,-13.432758,-15.614352,-13.420983,-15.216168,-13.329826,-18.677999999999884
261,3.3556104,2.844364,4.7686234,6.5531673,2.6224198,5.7452707,4.1538534,4.294912,3.602339,5.3392057,2.624484,3.4645486,3.8350391,5.03082,2.5707505,4.8361835,3.214931,4.4784174,2.7092893,5.170225,8.996799999999894
262,9.037449,9.235609,7.901222,9.331441,5.1194267,8.101242,10.338322,9.533559,8.15341,9.009802,7.0082293,6.2943177,7.6025505,10.837456,6.6866236,8.446803,6.015317,8.385204,10.080869,10.425762,33.65990000000011
263,12.060072,11.3112755,15.995439,14.866919,9.256098,13.992785,14.322322,13.000531,11.73123,12.360885,11.710033,8.647543,11.5708475,14.410625,9.577024,11.081527,11.208536,14.29986,13.669979,13.979576,35.66369999999961
264,19.03795,19.705925,21.644173,23.745422,17.413038,18.249916,21.018406,18.943935,18.139225,18.61191,17.180813,18.894152,20.66307,21.049288,17.880514,21.583506,18.216805,19.54558,20.895838,23.01323,17.99770000000035
265,33.705845,33.16243,35.208668,36.30713,34.059296,34.477646,36.53343,35.280872,33.529026,35.042923,32.99315,33.351784,34.9113,35.091244,33.621143,38.13859,33.18899,35.254627,33.78455,38.78901,49.17459999999983
266,8.750988,7.2114654,8.842931,10.542911,8.136875,10.411431,13.102134,11.313223,7.478322,8.817352,9.882353,7.1869593,8.980381,9.506059,9.377133,13.270923,8.354222,10.325831,7.9693623,11.938935,-1.3683999999998377
267,-13.681794,-18.118261,-14.396429,-11.182186,-15.662119,-12.691529,-12.038837,-11.87343,-13.851199,-11.141077,-14.609553,-15.486713,-15.025623,-14.847511,-16.577583,-9.052705,-14.865906,-12.622687,-15.40561,-12.640343,-37.31489999999985
268,25.942514,26.730436,31.030838,30.494125,25.737967,26.976786,31.557325,24.966528,28.96054,29.365154,24.55762,25.235542,27.45571,26.366676,24.530746,31.56734,25.95054,28.809193,27.117897,29.882925,71.97159999999985
269,32.451984,30.03198,32.789383,28.586788,24.552944,27.037594,35.557014,28.908138,31.970123,31.341164,29.077236,25.60022,31.270548,29.811356,23.005585,29.559246,25.978611,32.86506,32.780617,30.613243,1.289299999999912
270,6.282402,11.402239,16.604153,11.301435,7.8210163,8.255592,11.2380905,8.888301,8.033251,9.247212,8.710598,7.918085,9.1382065,9.723724,8.580564,9.402255,8.610569,12.519349,14.422775,14.516866,5.572999999999865
271,-26.02352,-29.291105,-31.940435,-26.715778,-31.829214,-28.568256,-26.917639,-25.658453,-31.239319,-31.01564,-27.647942,-30.345064,-25.927755,-25.845325,-29.655022,-24.14993,-33.900303,-28.323568,-30.139051,-25.431887,-9.417699999999968
272,65.8794,65.61451,64.349976,70.19027,61.39556,66.57253,68.79808,64.537704,61.16263,65.66084,67.698715,62.343426,65.16888,64.76763,64.69633,70.15082,62.60445,66.73597,66.35693,66.23988,52.42500000000018
273,118.45092,114.22436,122.81829,126.058945,120.74339,122.621414,130.13667,122.951836,129.11865,123.2574,113.15811,120.21349,121.55189,120.76677,116.04339,128.78313,117.99691,126.55104,124.411476,125.03626,157.05719999999974
274,68.117905,65.1941,67.23014,62.235004,63.000763,63.20861,66.05404,67.33009,71.81838,66.042534,58.88632,60.088642,65.11239,64.09403,58.23312,69.45979,61.6027,65.145874,68.36843,70.746025,-19.767100000000028
275,-33.74938,-34.19956,-30.290695,-29.815563,-27.531942,-30.583466,-30.320293,-30.16801,-29.295578,-29.976728,-32.09584,-32.19515,-25.457502,-30.21655,-28.082945,-22.586016,-35.0018,-30.989779,-24.861322,-21.750017,12.307900000000245
276,21.912207,25.32167,23.67176,28.418673,19.947765,24.84871,28.281813,23.84682,26.495008,27.687752,23.828777,25.617218,28.371237,29.288662,23.6363,30.883188,19.03514,27.626068,16.214132,27.77194,-12.870400000000245
277,57.37097,58.589672,63.63769,65.42881,55.462727,59.055054,63.724514,59.933926,63.75198,66.07051,59.026417,57.58806,55.046467,62.55217,57.43803,65.38082,57.61829,64.289795,62.35112,63.05051,53.051200000000335
278,10.9459095,7.1321354,15.451343,12.096009,2.787321,14.236187,13.597534,12.550954,16.436852,11.1271925,6.1077085,6.0310163,2.8924928,16.373796,1.762915,17.729006,5.682213,13.070082,16.062632,10.573407,33.57049999999981
279,70.07495,71.84338,78.41008,76.59798,67.08073,72.337715,73.59672,69.200264,76.56278,71.4836,68.27107,65.353264,71.05776,68.24569,70.21526,68.108864,68.55756,70.30661,73.23104,75.23221,26.671100000000024
280,42.301594,44.801727,47.274124,44.694466,47.79253,39.93522,51.563114,44.252834,44.29963,44.1126,44.204044,40.342163,52.839294,49.499096,39.475,47.4523,43.242107,51.84923,41.05857,49.853535,47.852499999999964
281,-28.593567,-34.838467,-38.318657,-30.032614,-35.684696,-39.346767,-28.541128,-32.20596,-38.9404,-35.83993,-29.033283,-40.509514,-28.624083,-27.465164,-34.81721,-29.087555,-31.078087,-33.44183,-38.25633,-26.912504,4.31880000000001
282,-81.35106,-90.192726,-86.90838,-86.07005,-83.36598,-81.90746,-78.14958,-80.93614,-88.47152,-89.65186,-81.71659,-93.01606,-90.0081,-84.54671,-85.998314,-79.256165,-80.75593,-78.65714,-86.19891,-82.964485,-136.55650000000014
283,-16.28894,-13.101035,-7.285141,-11.434402,-17.323093,-6.2531047,-7.612543,-13.556314,-11.538553,-11.7421,-12.973103,-19.272602,-19.722712,-4.3411617,-15.739517,-4.86003,-5.3792048,-1.1139554,-14.025593,-8.612824,57.13110000000006
284,26.685583,24.529379,27.157265,22.502676,13.899187,26.356005,33.049137,23.009054,26.779852,22.933336,26.780994,14.413065,23.410574,26.601912,14.941927,28.080322,24.001305,30.956318,26.561234,21.759838,33.314800000000105
285,0.6352756,3.5130248,13.19674,3.743373,-1.860566,7.666392,5.219948,5.434986,1.2988296,3.748579,2.4433932,-3.0339608,1.5978729,9.821944,-1.5118154,0.9595591,-3.582954,3.7948895,5.2708755,9.3027315,-33.35599999999977
286,43.809982,46.831787,41.3371,52.502956,47.69038,48.16461,51.124023,44.480946,44.51195,43.775406,41.357784,45.070236,49.66281,41.104744,45.930763,50.039818,45.938644,51.547886,46.70434,52.582413,-36.26630000000023
287,61.43777,59.684555,53.472164,61.68899,62.82713,56.966816,70.75181,59.00133,55.232265,57.940994,61.374554,53.00548,55.99691,57.754807,63.597244,59.427647,57.248814,56.880093,52.208927,59.471424,31.066200000000208
288,32.845444,23.942333,29.593855,33.569466,36.72166,36.078396,42.24388,37.64421,30.915863,39.15602,27.399649,29.544565,32.20283,32.694984,33.499104,36.108936,31.001421,39.48594,33.318542,35.039925,74.66640000000007
289,9.054383,5.981494,16.06663,11.95952,9.960619,15.51104,15.674789,15.264266,11.241144,17.585524,5.568981,-1.6891534,8.384405,10.208327,3.7106013,7.9465904,7.091954,14.232981,6.0159287,15.617158,-5.442600000000311
290,40.75182,48.79535,54.839485,47.008617,44.02513,41.834846,45.515396,45.420532,51.58157,51.46395,43.7548,41.205303,51.01495,49.440517,48.461845,45.402557,44.708683,44.92898,55.17576,48.7074,-0.3346999999998843
291,9.1784315,9.371088,23.143549,14.438473,8.441493,15.037365,16.601904,20.734625,27.451235,21.829456,13.738875,12.82749,20.092266,27.271967,12.548064,16.571348,10.46579,20.23995,19.054142,14.256471,10.814699999999903
292,-18.806438,-16.269178,-7.853545,-12.325725,-19.774529,-14.259644,-13.625246,-6.0136666,-16.193914,-10.66223,-15.50699,-18.781708,-12.87408,-13.230984,-17.393501,-8.942057,-17.040594,-15.778801,-13.799822,-11.912751,2.6937000000002627
293,-42.65374,-45.060234,-41.90764,-31.019377,-39.822544,-36.525814,-38.280308,-34.774845,-35.40383,-36.746567,-39.342487,-40.07835,-44.883564,-36.57369,-41.71077,-37.394505,-44.946827,-39.450054,-37.816917,-33.7867,-61.11740000000009
294,-15.544586,-14.514631,-10.864924,-9.443204,-12.529844,-16.854853,-6.813793,-17.93343,-6.323542,-13.751297,-11.357397,-17.922913,-16.788637,-12.450908,-13.724579,-16.901337,-11.395437,-9.406002,-10.082717,-10.82542,-45.93589999999995
295,-7.1537123,-9.646223,3.9805162,1.4028059,-0.7955334,-2.2749352,4.411981,-2.0132964,8.224361,-4.4368877,-2.462637,-3.5047717,-4.0816555,2.3233767,-8.747222,-0.9693512,2.3737533,5.814044,0.10176647,1.840394,25.624199999999746
296,-21.607534,-20.757793,-10.21786,-11.23752,-19.400108,-15.443453,-16.938873,-17.845835,-14.794752,-20.781761,-17.318819,-24.559237,-18.994518,-15.138872,-25.313622,-16.623398,-12.482574,-12.927043,-17.25745,-10.588383,-27.77619999999979
297,-4.504034,-5.7179546,-0.12418318,1.6395015,-5.978996,-7.0309296,-5.382477,-1.6449391,-10.422491,-6.436544,-6.4997354,-8.815178,-6.984449,-1.58407,-7.897955,-4.353087,3.021515,-1.765546,-2.3393283,4.4700136,95.8145999999997
298,12.380279,15.506796,16.655773,13.89596,2.0727305,12.62138,19.291023,10.805409,11.572592,9.528341,9.607878,5.4458165,19.405432,19.069466,7.9247136,15.892686,20.976397,17.348387,12.992421,18.163858,79.60300000000007
299,39.553055,41.30688,49.798805,42.210903,33.438354,45.597584,49.84936,43.774223,45.487267,38.836964,41.938614,37.478096,48.765133,48.97681,39.227528,40.839455,52.974392,48.62491,49.39057,49.572693,6.461700000000292
