,1_times_lag6,2_times_lag6,3_times_lag6,4_times_lag6,5_times_lag6,6_times_lag6,7_times_lag6,8_times_lag6,9_times_lag6,10_times_lag6,11_times_lag6,12_times_lag6,13_times_lag6,14_times_lag6,15_times_lag6,16_times_lag6,17_times_lag6,18_times_lag6,19_times_lag6,20_times_lag6,test_percentage
0,3.9441018,6.485248,3.0805657,6.3706365,4.9754367,4.4152956,5.5403385,6.672018,3.5299127,3.8702707,5.26474,5.104759,3.1881833,5.6018586,6.2357354,8.536254,10.887495,6.558507,6.9518228,8.209812,6.039900000000216
1,10.3438635,18.315792,14.659748,12.22288,14.048226,16.294313,13.104639,11.395172,12.643691,13.804956,15.190446,15.138894,9.687633,16.360924,13.293459,14.753198,18.790081,13.123751,14.270465,16.043257,17.729399999999714
2,11.259524,14.763996,13.982507,13.124856,11.224041,13.0875,10.685648,12.470657,10.158672,13.307492,13.326325,12.438003,10.252317,14.593413,11.014053,14.6542425,17.140362,13.73921,15.011461,15.963593,4.420100000000275
3,1.0067581,8.690997,6.069626,5.2478313,2.917577,7.6354356,2.148976,3.30471,3.517389,3.4665692,5.4636045,6.218878,-0.09507819,5.781864,2.906928,5.0956225,9.611721,4.951,6.602193,7.0629196,7.934699999999793
4,5.548919,9.6405115,8.375644,7.108288,6.0176167,9.139599,6.633101,7.3207636,7.009938,6.1842365,9.046424,10.221188,3.1936104,9.392327,5.9516525,7.7276154,12.433046,8.587946,10.087197,8.955864,3.5106000000000677
5,3.818833,8.608271,8.508411,8.592998,6.7766647,11.13787,7.284273,7.131766,8.461129,3.3184464,9.252754,11.294161,4.4600368,9.103184,6.947071,6.7619743,11.25149,7.9999056,8.772498,10.38583,3.595800000000054
6,-13.5288925,-11.726298,-9.83911,-11.524032,-12.522406,-8.878634,-12.20411,-11.756477,-10.612562,-16.219913,-11.44211,-7.096107,-16.510704,-12.419375,-12.789314,-15.046189,-8.622967,-13.385176,-11.510248,-11.526193,-18.452500000000327
7,16.713472,19.85529,21.461584,22.568722,16.198305,20.605396,17.4247,18.373451,18.338352,11.576635,18.468424,21.756044,15.27093,17.9608,20.72761,16.574963,21.259476,17.897211,18.650806,18.166948,26.105800000000272
8,18.39879,20.709423,20.826044,20.831703,17.626797,18.690708,21.339527,19.958292,18.83369,14.744375,18.471611,20.492903,18.555344,18.22889,22.374578,18.691008,21.481228,18.848747,19.078176,19.896053,8.077299999999923
9,16.285881,17.882359,21.747608,21.84593,17.943922,21.584318,18.355528,19.856304,19.369623,12.438448,19.159504,22.75054,16.220114,18.039234,22.056986,19.43428,22.367878,19.059826,15.999678,18.59912,30.082700000000386
10,11.506395,13.476535,11.269102,16.783796,11.368006,14.05013,14.498379,14.356793,11.016404,7.75937,14.445603,15.617445,10.3090315,10.747723,17.463274,12.084824,18.431145,12.955478,11.039911,14.074232,13.109999999999673
11,14.951886,20.656605,18.625387,24.120102,20.402304,25.964859,19.326792,21.979193,19.453762,16.620867,23.502407,25.432085,17.94756,19.081339,23.123854,18.491974,23.778208,21.590143,17.869808,19.981571,13.498199999999997
12,21.527744,23.08601,19.17313,25.810345,25.20405,27.642094,21.524422,24.817116,21.360718,22.747828,26.270191,24.671114,18.214523,21.093033,29.823362,24.588806,26.55529,23.717358,24.48859,24.320448,45.14260000000013
13,1.315433,2.828854,1.9336185,4.828578,7.4234786,6.930766,-0.4533866,1.5934952,1.4597837,-0.8716401,8.416591,6.440814,1.3189306,-1.3328183,7.1211195,6.3021927,4.557039,6.861563,4.8745384,1.4417093,12.960499999999683
14,-5.881015,-3.12949,-8.584919,-2.8361769,-3.5818505,-4.322768,-5.935743,-5.212852,-3.3172786,-8.15121,1.2733244,-2.7531576,-8.063199,-6.974532,0.6436719,-4.3543506,1.0507663,-1.8129194,-2.1093354,-3.4376004,-11.158299999999599
15,-3.5991807,1.8324728,-2.1577415,2.2903528,-0.5603623,1.0421749,-3.6300383,1.4232422,6.012217,-6.08067,5.390384,0.7959872,-3.2831962,1.1895845,8.579464,1.9339491,5.4365544,3.4474857,1.669185,0.6243214,9.821799999999712
16,-12.787286,-7.482823,-7.9743843,-4.0880227,-5.7999787,-6.945538,-8.685408,-10.051041,-3.0756981,-13.488501,-2.623692,-9.693974,-9.823534,-7.130337,0.3190583,-8.300982,-3.5436504,-5.5608454,-9.442988,-5.3589125,-35.128099999999904
17,-10.290067,-6.9215555,-13.658175,-5.355289,-7.3443,-4.782522,-10.725641,-8.319789,-2.529066,-13.135156,-8.602214,-12.490158,-10.288224,-5.05608,-4.3938274,-12.281336,-4.6682587,-3.566334,-8.13159,-3.112323,-34.99170000000004
18,-15.799277,-9.658158,-13.832781,-2.9745684,-7.0494523,-5.347347,-13.164263,-9.834369,-4.375112,-17.943497,-7.737854,-14.484814,-15.34239,-9.727862,-5.6473136,-13.508832,-10.124925,-4.2093563,-10.721905,-4.348948,-7.175600000000031
19,-28.192736,-18.990475,-25.32939,-19.414982,-19.424646,-19.400787,-27.027111,-23.27712,-18.228085,-27.606775,-21.075909,-25.001978,-27.866402,-21.900814,-20.479765,-25.047617,-21.020779,-17.210184,-28.897879,-21.797186,-33.85350000000017
20,11.846603,19.951569,7.613969,12.169652,17.906498,12.38909,14.24676,18.517164,16.458902,16.641682,15.235738,19.242727,7.3030434,19.446972,15.662837,15.594031,20.062168,16.366413,11.9289665,19.078815,15.100900000000365
21,-22.215513,-29.714748,-27.262794,-26.573627,-21.501675,-18.616081,-20.772474,-18.477423,-19.291798,-18.270773,-21.97699,-23.556364,-22.786112,-22.979511,-19.359861,-23.230581,-22.376884,-22.038906,-24.406921,-20.03972,25.416200000000117
22,-59.947216,-68.76423,-60.30701,-64.43359,-57.172565,-63.14498,-58.25766,-58.60549,-55.99431,-57.0477,-64.06657,-56.89753,-57.470184,-58.079033,-59.36485,-63.16859,-61.49439,-53.918655,-66.41174,-63.83014,-116.84500000000025
23,-35.152332,-37.709488,-45.238903,-40.007294,-40.6798,-40.336075,-41.111713,-35.927395,-34.227894,-32.237804,-43.158653,-32.998184,-35.064453,-35.26229,-40.282852,-46.125443,-37.178577,-40.4322,-43.99803,-39.5206,-61.39220000000023
24,-56.649303,-64.84952,-62.586178,-64.54588,-59.77171,-59.866047,-56.308445,-69.716866,-58.529583,-66.369125,-66.97707,-61.54931,-56.938248,-61.613064,-64.09918,-65.62989,-71.04565,-66.7656,-74.80614,-65.434975,-47.20939999999973
25,-77.738594,-87.738464,-79.39809,-85.560196,-89.24275,-88.60792,-84.03035,-93.83536,-82.1922,-91.7675,-93.12101,-86.249466,-78.49913,-79.34598,-80.36954,-86.79692,-93.26054,-86.52662,-97.35974,-95.695045,-132.19959999999992
26,19.198559,21.87014,14.7358675,18.897614,12.260046,16.840208,18.604212,23.028666,16.718216,4.5324807,4.334702,17.53448,16.610401,19.125061,27.290716,15.5119,16.203094,10.929989,14.206426,20.194235,24.274599999999737
27,21.392115,23.915215,21.804893,21.351154,14.288115,26.037636,30.278725,15.228855,25.14254,4.385915,15.59888,22.755766,27.082256,22.382391,30.403975,19.127544,17.471071,20.617588,15.571097,23.665257,30.833300000000236
28,40.29101,42.188633,41.66097,39.81965,26.443605,35.036938,48.358463,42.650574,45.71851,27.611616,33.274548,39.63827,40.838963,43.05804,48.180058,38.275295,47.01768,43.21269,31.520666,38.26156,14.200199999999768
29,51.5723,55.813927,41.737926,55.086784,49.42562,49.712425,50.054638,61.66469,59.404972,45.559113,51.17216,51.208202,42.179314,56.644547,60.39281,53.090763,58.29011,50.46454,50.41766,59.90802,69.40000000000009
30,18.41828,18.732347,14.366968,16.329426,22.09215,28.355255,22.141918,23.872965,23.186377,16.435608,30.679535,20.258791,16.993633,17.445873,22.32496,21.363089,26.319069,21.667656,11.351964,18.463875,20.465200000000095
31,16.937319,21.4319,12.496354,16.389366,25.376066,17.93599,21.213263,26.562624,25.07555,24.650755,28.492455,21.290915,18.112886,17.810257,25.500261,21.327204,24.424175,22.655441,18.698172,21.278543,40.54959999999983
32,-13.069501,-11.176659,-20.75777,-13.068385,-6.450679,-17.194128,-15.992525,-11.742031,-20.41906,-13.970238,-8.856013,-10.423083,-20.964066,-21.201782,-13.271753,-16.883053,-17.66457,-14.463507,-17.06683,-15.808632,-37.50579999999991
33,7.365345,6.007817,4.1389117,3.3683915,9.296518,0.21841659,-0.992355,-2.7070532,8.274926,-2.4865723,8.63094,4.050504,0.88635236,-0.66043025,11.503264,5.9574075,8.440609,4.586504,5.1415057,2.4630954,-32.65990000000011
34,15.762708,14.824922,7.946983,13.117369,11.721678,-0.5107125,7.257351,5.907304,14.904513,8.700629,19.586002,7.45716,2.6398013,11.263976,17.369455,12.362781,15.930916,14.596019,14.042196,14.288135,14.346900000000005
35,-8.211238,-0.41406918,-0.7163098,-4.776452,2.9285555,-1.7206577,-11.655541,-7.856678,1.858083,-11.686385,2.7981377,-4.393129,-9.143165,-4.896493,2.8766794,0.45650253,-2.9660425,-0.7826387,-6.4835396,-0.11591628,-19.226599999999962
36,5.316459,6.610945,4.581044,4.660913,8.246491,9.016151,0.8900784,11.391394,12.57063,1.3074192,9.690818,2.8405428,-2.6717792,5.2682056,9.6389265,7.1442895,12.6894455,11.8021345,12.155317,11.246414,2.3980000000001382
37,25.357573,24.708488,20.834288,22.93948,26.885393,32.82266,19.006926,25.591059,31.199434,14.794425,29.283035,22.32475,17.488373,21.429401,28.175272,27.584679,29.476374,27.006676,29.255077,28.52296,32.715599999999995
38,-6.3111577,-5.160174,0.83414936,-5.560167,-3.433445,2.416892,-5.3200927,2.1654694,4.621185,-9.097132,-0.4184085,1.3832989,-5.9765124,-3.9092422,-1.8789319,-0.11771813,0.005855523,0.5775284,-3.7890422,-3.877726,-17.97360000000026
39,-3.230316,-1.3194952,-4.4783144,-0.6595863,-2.4977942,1.677654,-4.7285705,8.833162,3.5163386,-6.1200724,0.29337823,3.822336,-9.831542,-1.2075542,-2.432622,0.32844242,-0.8241146,-0.17413542,-3.9081597,-1.8273067,16.73720000000003
40,8.2013,7.9130015,7.1062593,6.1485586,6.555839,19.385443,9.512399,11.225016,6.5354037,2.7675476,9.623772,13.208621,5.6191206,6.098358,5.8006525,6.695434,1.8477683,6.414897,9.65638,6.1078434,18.760099999999966
41,10.989431,13.36782,12.797051,10.763015,9.027391,17.15543,11.230873,11.602422,7.346272,6.6797805,10.24096,13.325167,10.175479,10.838211,8.937513,11.76557,4.634138,10.466261,7.6368775,4.399328,19.533600000000206
42,-5.0671754,-11.018694,-9.107507,-10.280713,-11.162196,-8.623554,-9.484466,-8.993082,-14.792541,-10.218054,-13.055112,-7.7857327,-14.64568,-9.65461,-7.6866655,-7.7645607,-12.898493,-11.968998,-11.987238,-14.248726,-16.46030000000019
43,-10.021045,-15.243501,-12.886085,-12.546045,-11.373428,-9.244017,-8.623805,-16.343382,-17.532257,-17.63246,-15.464762,-8.547626,-17.698074,-16.23285,-14.762728,-13.129437,-17.045776,-12.886619,-16.870974,-18.165644,-18.85699999999997
44,-2.9204583,-4.20034,-7.2707253,-3.6289005,-4.77613,-6.5314317,-5.3018446,-9.947251,-9.195694,-6.9415455,-8.03412,-6.3258405,-5.675194,-8.733825,-1.580293,-4.294041,-8.191054,-4.7970076,-7.334535,-9.327576,-0.26989999999977954
45,-13.758094,-14.51872,-18.1828,-11.882979,-14.521906,-17.09423,-17.567759,-20.80649,-15.942772,-19.186043,-18.846622,-12.380651,-13.583767,-18.817188,-9.770679,-11.266995,-16.962917,-16.059515,-19.946663,-19.78073,-21.22990000000027
46,-4.938548,-2.447569,-7.9942575,1.215029,-5.358484,-7.4760485,-4.093011,-6.821423,-2.373083,-7.2367244,-7.8788714,-2.3973982,-2.2556324,-1.5845684,2.443646,-2.1514993,-1.1424873,-4.9872108,-1.6616415,-3.7462113,9.369599999999991
47,-2.142798,0.0046057785,-3.0834918,3.21643,-2.0094352,-1.9149688,-0.08963739,-4.2571115,4.8747573,-3.975932,1.0918143,-1.7424904,-1.9391565,6.1973867,0.22927892,2.1788993,1.7632114,2.7332852,0.32418028,3.0888999,11.388200000000325
48,10.170615,11.59179,5.9378033,8.148091,11.91081,10.777113,10.897415,11.109886,16.532373,11.232897,15.298127,12.890375,10.459933,16.638988,9.476335,12.507224,14.598444,13.463222,7.3428354,17.813915,-9.687800000000152
49,-9.369763,-14.444156,-17.50194,-12.582289,-5.4703064,-6.9743123,-6.659573,-4.0201817,-6.103154,-7.9820576,-5.7339473,-6.55866,-10.12482,-6.589941,-8.859184,-7.1861415,-5.927588,-8.167995,-9.04741,-3.7970817,-17.471799999999803
50,-74.379364,-75.605194,-75.07192,-71.07225,-66.8553,-65.011475,-68.30313,-63.631638,-66.44291,-72.29901,-71.80249,-71.23185,-72.91316,-69.39777,-68.8624,-76.60585,-72.144806,-67.55701,-73.147934,-68.199905,-110.71950000000015
51,-20.830723,-20.197739,-29.684004,-25.386864,-21.389036,-26.440426,-24.74662,-19.893862,-17.030983,-23.84186,-28.272583,-24.006903,-24.699163,-15.655265,-23.777628,-30.470942,-23.288021,-22.709255,-24.715666,-22.397545,-19.039000000000215
52,-14.965175,-17.737095,-17.448067,-20.307835,-13.755976,-22.82319,-16.14451,-23.22788,-20.169853,-17.125566,-24.803022,-19.85021,-13.1557,-14.157707,-15.809804,-22.238214,-25.063736,-17.758188,-25.980694,-15.744968,32.927000000000135
53,-11.106664,-19.260275,-10.190669,-16.004364,-19.132801,-22.61256,-13.465337,-21.097868,-18.151855,-17.354366,-19.000473,-16.01438,-12.621601,-13.796851,-13.367508,-16.151419,-20.43403,-14.318853,-23.952171,-21.42489,-44.359300000000076
54,21.032015,24.177334,14.33694,20.727215,14.551065,12.018334,24.114803,23.255064,23.732733,13.538988,16.789528,15.495163,13.515865,19.940407,27.390028,21.077702,18.043377,12.029059,18.299366,21.984987,38.24110000000019
55,6.97664,5.0274405,4.4890013,6.2138486,9.345707,12.055537,14.14725,9.410128,14.263153,0.44990864,6.614751,4.2265983,10.053798,4.4381456,10.534,10.666116,8.612743,6.384781,0.61072,12.259453,8.365999999999985
56,-10.325467,-9.268808,-7.6624775,-8.401648,-7.955124,-6.1812787,-5.4837213,-5.2484674,-5.042175,-13.162047,-4.903265,-9.606791,-7.7527494,-9.117725,-5.179699,-9.979362,-7.6467423,-11.615653,-12.378279,-10.7487545,-5.717599999999948
57,0.18571529,4.115989,-4.7767735,-0.3711283,6.884254,-2.4296005,-2.8948834,8.702646,0.10694029,-7.218861,-0.32013416,2.1730764,-6.0153036,-7.5235295,7.5445366,-0.5351809,-1.645191,-1.9186761,-0.6417255,0.36394474,-26.545799999999872
58,6.5410523,8.293922,8.82966,5.9172034,9.563551,4.6503916,1.7607118,7.319729,12.559806,-2.9952226,11.1315365,11.614173,4.7974153,2.343662,21.274073,5.674118,9.809793,6.198017,8.115787,3.6739352,-5.5218000000004395
59,-2.6514628,3.8937807,-2.2966943,4.47095,-1.7401282,-10.048652,1.9482285,-2.9842958,3.546635,-4.6761174,-0.48179936,-5.687363,-1.5113866,-4.5246515,9.70355,-2.3657875,1.0986464,3.6437662,-1.5731649,0.1721277,7.1822000000001935
60,27.453123,35.92005,32.6897,33.09067,37.310192,31.339893,29.268742,28.058653,35.33073,27.885633,35.85707,31.478445,30.50815,31.549353,34.79891,35.695168,31.486298,37.411953,26.931047,37.494217,52.02800000000025
61,4.878036,1.6798875,6.173872,9.235282,12.247789,11.235744,7.4900184,7.5978074,9.414993,5.2510166,10.036532,9.458706,4.621035,3.5510263,9.790836,11.112699,11.726451,10.519707,5.977494,9.521211,17.760199999999713
62,-25.377565,-28.001694,-23.98711,-17.939993,-17.308605,-15.279895,-20.552267,-14.430378,-18.92442,-23.301474,-14.463667,-14.226582,-22.958847,-25.187788,-15.138994,-22.628656,-14.917607,-13.986947,-20.557917,-20.743652,-27.923499999999876
63,-11.645672,-16.446026,-18.846746,-12.775058,-13.66197,-9.833446,-13.982254,-5.269017,-12.116117,-8.608605,-10.577937,-12.291008,-16.667753,-17.341782,-8.948101,-16.304638,-10.087688,-10.4965,-11.862269,-12.692411,-21.10620000000017
64,-26.28217,-29.2361,-30.273342,-29.01007,-23.428347,-26.793598,-30.22854,-27.212837,-28.371298,-32.234264,-26.9237,-25.211344,-28.844872,-27.794062,-27.745525,-33.62209,-32.53529,-26.370983,-32.892235,-31.42093,-48.40319999999974
65,-1.7720205,-4.133976,-4.5203176,-4.882571,-5.5757003,-8.246953,-6.5894947,-6.623061,-8.779847,-10.027837,-7.7384996,-6.4507365,-5.0730824,-3.5224726,-0.8961444,-8.561024,-4.617411,-7.065735,-11.253517,-7.8313437,-43.852200000000266
66,22.857237,21.494621,24.803028,21.413841,17.021183,16.410501,23.354357,18.545351,17.928617,13.792975,18.200893,20.909956,17.358494,22.631462,27.558176,17.508686,19.637604,18.306293,20.614105,22.169981,24.602000000000317
67,-11.233449,-16.024622,-8.878491,-12.281267,-16.701174,-17.904789,-8.051192,-17.082851,-12.615807,-22.053,-17.766253,-12.302167,-12.6437,-13.01216,-10.317351,-16.840559,-10.732031,-13.967296,-16.311277,-16.12589,25.97729999999956
68,-25.924948,-26.678791,-24.752281,-22.19086,-27.215994,-26.979681,-21.257275,-21.451857,-24.02523,-32.99106,-26.146275,-24.476772,-23.401329,-20.78461,-21.93279,-24.635696,-21.343906,-20.731728,-29.840534,-22.77476,-45.83349999999973
69,14.221935,20.753138,18.658169,21.300476,16.26627,21.391356,23.326553,21.948137,22.597622,12.828053,17.387737,23.94273,13.287458,22.16505,22.911634,19.02182,21.7369,14.583881,17.177689,21.547577,-3.530499999999847
70,41.15656,40.042847,45.06059,38.701313,39.277336,45.592438,48.366695,39.962788,45.477562,40.41425,44.699608,41.468,42.11,47.666775,43.78593,42.187653,47.625607,41.436382,40.886097,46.72719,60.91509999999971
71,6.8833857,4.2206607,11.874955,2.4357946,9.70981,9.62068,11.864694,14.503024,8.486161,7.8200665,8.825571,12.95342,6.5797567,7.563924,9.783571,9.362217,17.767654,12.660035,4.3352118,9.565599,-10.953199999999924
72,-11.762676,-9.662841,-15.8357525,-7.2801046,-12.564199,-12.971482,-7.1870475,-5.0342064,-15.240406,-11.108013,-13.452647,-5.05808,-16.77842,-10.071926,-10.514188,-11.049469,-6.3500257,-8.035678,-9.635497,-5.8225594,-42.94380000000001
73,16.574045,20.170025,15.630102,17.549967,15.190283,17.54343,19.654985,15.480401,18.022964,14.579215,18.038027,17.828512,11.617314,17.900877,15.640548,12.958368,18.849762,13.349062,18.635818,18.109411,7.201500000000124
74,13.584607,17.503498,19.263245,11.841693,14.97404,11.158632,20.277147,13.695715,15.373038,15.167377,21.36306,13.032935,12.88565,19.995972,15.639271,13.77115,16.566898,18.419285,12.971908,16.731136,-1.0543000000002394
75,25.723745,27.60657,27.51502,22.97393,23.766108,22.616657,26.318707,26.947191,22.576006,25.412355,24.09279,25.93185,25.655369,27.293468,29.839378,27.124805,30.46438,25.3628,27.82893,31.340284,19.681300000000192
76,-9.549859,-6.9796276,-11.36518,-8.034614,-10.853448,-8.152869,-6.083024,-11.235328,-11.609645,-10.314452,-10.484335,-8.824248,-15.615086,-6.9615016,-11.328075,-11.554184,-6.623508,-9.603974,-8.749975,-7.0532246,-9.825200000000223
77,23.800703,33.826263,31.610226,29.134617,25.568174,27.860449,28.746151,29.29748,29.990067,25.201494,31.827187,28.535963,24.176323,29.218658,32.42055,28.519377,32.276234,30.706667,32.37644,31.355545,45.61140000000023
78,24.91451,29.090734,25.590462,24.128216,26.906755,23.297508,26.889334,27.750967,26.826982,27.481668,30.979881,25.171232,21.205494,29.954254,28.494116,28.304447,32.185024,30.3362,28.549606,32.934013,24.852800000000116
79,-1.7698207,7.899521,5.571921,2.6255195,5.604494,11.871734,2.9824417,4.983257,2.4812496,1.6008586,8.466554,9.242485,2.0081596,6.5999703,4.1630497,5.570876,9.854189,5.2097783,6.365243,6.9558573,-2.347400000000107
80,5.007194,11.022571,5.9342937,8.683015,7.3040667,7.974718,6.1726665,11.690904,6.027992,6.0089116,9.450227,8.89349,3.622491,7.3112936,9.676937,8.931938,15.442175,7.5510178,12.977665,11.2831745,15.262499999999818
81,-3.476015,3.1411784,0.49865434,0.058081657,-0.2464872,3.403269,-1.6772665,-0.49601823,0.07471254,-0.66515577,4.342842,4.373703,-4.2736673,-0.49890694,-0.45528054,0.9079288,2.0592356,2.3143597,1.614529,3.0290163,-11.149499999999989
82,5.108066,6.7430267,6.50255,5.247274,4.6415176,7.4333673,2.372178,7.9287844,3.871768,2.0377035,7.1340914,8.000682,4.0345125,7.5103445,3.7348347,6.919786,8.310429,5.8574176,8.264313,7.2309823,10.768800000000283
83,-0.13013723,-0.7161474,-0.5295696,0.53347445,-1.6764804,0.82116175,-1.1527623,-2.23731,-3.3970516,-3.988945,-0.037755188,1.640006,-4.9607553,-2.796876,-0.62552583,-2.8672094,-0.033526696,-2.208196,1.3698149,0.63281566,18.086299999999937
84,-15.10991,-13.53479,-8.959641,-11.09159,-16.508614,-11.486852,-13.49673,-15.083735,-13.621714,-19.764437,-13.742321,-10.807203,-15.739742,-14.194596,-14.292671,-15.530287,-11.796196,-11.93314,-11.416648,-16.115595,-22.553100000000086
85,16.039694,14.242021,15.532308,16.657143,12.41018,13.815284,14.645542,19.30461,15.295088,7.557231,15.84781,17.293089,11.336353,15.765974,18.389685,15.533415,18.158985,14.2234,16.039114,17.070395,-15.282700000000204
86,22.140676,25.217478,27.26353,26.65667,28.127071,28.264795,27.100458,25.69437,26.74936,20.524992,26.985416,26.554512,23.620058,24.09066,32.16697,26.3372,28.026566,24.063637,24.998526,27.082773,39.02089999999998
87,2.0702562,3.219442,5.8287215,6.106842,1.8889012,5.01369,3.109291,3.8203456,-0.06477622,2.6478539,3.043974,3.3274724,7.0465803,2.0817552,6.9106646,2.9506702,9.215088,6.536522,2.487257,3.5009344,20.537000000000262
88,-7.354146,-4.84484,-9.177729,-3.2362928,-6.86464,-4.202523,-8.193626,-3.1945467,-8.577743,-8.38266,-6.632331,-4.030191,-8.636526,-3.072488,-4.1009436,-5.5540605,-3.0780444,-6.2218547,-5.726926,-3.464785,0.5093000000001666
89,-6.715917,-4.7025733,-8.395616,-2.8821266,-5.011807,-0.4974171,-2.7305107,-2.4702604,-6.00954,-7.854454,-3.569006,-3.3098178,-9.087466,-2.5099883,-4.4804897,-5.2237325,-3.8561609,-6.922764,-4.899122,-6.954059,-45.38550000000032
90,15.81203,16.371971,15.444936,14.648636,20.503725,18.804256,19.701311,17.168947,19.074461,14.272733,19.562984,20.676416,17.284634,19.923595,18.522411,15.903763,22.4865,18.729961,20.672623,16.59079,-14.313599999999951
91,-12.492841,-16.404076,-15.284228,-16.897377,-12.364333,-15.865861,-9.891386,-10.939746,-13.501687,-11.57537,-14.609437,-13.086226,-13.263299,-15.905489,-10.755405,-13.500041,-9.432705,-7.2447205,-13.823797,-7.685149,-13.347400000000107
92,-52.040222,-55.184193,-54.396706,-54.317345,-50.27843,-51.791862,-52.941322,-51.934544,-53.54955,-55.50965,-61.084846,-51.37444,-55.251663,-50.477634,-52.27332,-56.591667,-53.619675,-50.577415,-57.50199,-49.19564,-6.221099999999751
93,-72.9923,-80.867485,-81.37857,-79.30475,-72.80778,-80.19561,-79.79923,-78.04766,-78.199524,-79.95351,-85.28746,-77.63502,-80.01615,-74.207886,-79.86792,-84.678986,-81.81937,-78.05892,-84.99194,-82.260124,-14.621599999999944
94,-81.742386,-89.86509,-85.23796,-84.17669,-86.15634,-90.17744,-89.4883,-87.391266,-82.02179,-92.06987,-85.09893,-83.40747,-91.21239,-81.54411,-84.17977,-88.05049,-93.69575,-87.66122,-91.07892,-94.3987,-79.01710000000003
95,16.665611,21.510614,15.843716,11.765704,11.204374,12.753279,19.01425,20.562551,19.405205,9.97636,12.019934,15.135591,15.445812,20.516893,23.42751,16.229195,10.926541,12.656572,16.464514,12.584857,54.0302999999999
96,17.961227,21.116497,18.252674,17.746933,17.45857,22.088245,27.327757,22.75556,25.504318,16.939428,18.865784,19.571737,27.087765,22.610271,24.783865,22.059822,26.95039,17.143196,16.568104,22.550451,-20.336499999999887
97,1.3166977,7.3410125,6.3149157,3.6754684,0.3800009,7.8609223,5.956621,14.036257,9.174092,1.8049368,3.8117814,10.799452,1.8163569,7.6828804,15.072473,6.2552366,11.441616,6.8276806,0.4444237,8.652275,16.053699999999935
98,15.23569,19.46958,9.103523,18.037373,16.7113,12.126645,15.549461,23.000305,14.14248,11.016917,15.255752,17.31589,9.633507,14.660884,17.288382,12.603913,17.160492,11.899908,10.061564,18.5879,23.014599999999973
99,-3.1367512,-3.2649443,-4.6146803,-3.1728709,1.3884944,3.0330622,-3.4789567,-3.5040283,-3.3300407,-9.859732,0.40560198,1.7139511,-5.815895,-3.2469285,1.6265868,-1.600551,-1.0658572,-5.018358,-10.792856,-2.9386637,0.9747999999999593
100,7.8993893,9.301235,-4.621557,1.1902273,10.571753,2.1843576,3.5347059,7.6678963,2.2214663,7.538224,4.245599,4.6261683,-0.9685437,-4.3466663,11.561666,5.2941523,3.442764,3.1385744,4.999035,5.92381,-5.681500000000142
101,-35.217052,-33.293125,-34.5868,-31.76624,-27.751905,-34.955082,-41.489002,-36.18158,-27.883331,-43.08024,-29.829708,-32.101456,-39.279533,-39.99332,-27.014784,-35.099064,-34.34612,-32.248814,-34.22168,-40.308857,-42.35099999999966
102,-6.0455537,-3.6921654,-4.282063,2.415746,0.73162156,-10.101859,-5.691701,-0.40652126,6.1373715,-10.46505,-1.1354243,-6.7300735,-3.3603191,-9.630427,6.934452,-0.26542488,-3.0028641,2.3488975,0.37766412,-4.3230934,-14.364700000000084
103,6.3792257,11.534287,1.914896,10.504535,11.942393,4.8274055,4.215461,6.649702,12.976008,2.8309164,6.882291,1.4341568,4.1882205,5.1744385,11.415769,8.073974,8.077682,13.14306,5.6676817,13.882828,27.01870000000008
104,-22.3421,-18.967167,-19.419748,-16.915041,-9.80093,-8.235923,-22.88573,-17.401888,-14.041437,-22.422623,-17.451363,-19.18613,-21.157383,-20.21026,-14.872313,-12.979734,-15.865084,-13.073675,-21.26714,-18.69657,-30.00530000000026
105,-22.022453,-26.247484,-28.963863,-23.853453,-19.708433,-21.56361,-22.342833,-15.018779,-19.712543,-19.480608,-21.165985,-18.06465,-27.756252,-20.128094,-19.96731,-21.042482,-18.911573,-16.279058,-19.428993,-20.876123,-5.636799999999766
106,-51.5986,-61.883926,-56.312428,-58.08024,-50.522533,-48.597885,-57.736,-51.189285,-50.48712,-55.439972,-60.105133,-54.451286,-54.126556,-58.686287,-53.99142,-55.412643,-59.24219,-51.848095,-56.30776,-56.08906,-22.258900000000267
107,-80.684784,-86.31669,-79.85981,-86.75429,-79.20682,-84.41733,-84.80229,-86.20164,-80.90281,-84.36683,-89.12351,-79.94871,-78.72568,-83.11244,-82.08568,-86.349396,-88.37009,-82.98899,-90.0491,-88.82145,-114.07870000000003
108,-26.71654,-31.498129,-31.966015,-30.318645,-33.504673,-33.587143,-34.148495,-33.542652,-27.459846,-36.198875,-39.609814,-34.456318,-27.719463,-29.886705,-27.998613,-36.45947,-34.2702,-35.718845,-36.855648,-32.462265,7.909300000000258
109,0.19076392,-4.8325286,-0.9913366,-2.673899,-6.1356816,-6.4635267,-0.043454282,-9.592995,-1.6902325,-9.928757,-8.585706,-4.857678,3.3868728,-1.408338,-1.3180009,-1.9218801,-9.149811,-5.634057,-12.55302,-2.5942056,-39.921499999999924
110,4.392383,0.11602283,2.1455088,2.8814237,-2.9651494,-1.9887716,4.1103272,2.5385451,5.8778377,3.901957,-2.9800615,0.8140902,7.535065,4.71076,5.477566,4.950427,3.6564083,3.1538439,-3.4569082,0.33907768,13.950399999999718
111,-0.62176025,-6.9379416,-14.010631,-4.0314384,-7.9757795,-9.548748,-0.2253598,-4.7163253,-1.9108686,-6.2635665,-12.0763445,-8.219903,-5.928134,-4.2568626,-4.2419434,-1.8416985,-5.868935,-9.446774,-12.77579,0.43027636,-30.423899999999776
112,4.588749,-2.2336044,-1.4364715,-1.747549,2.3127284,2.3056455,4.1136446,-1.7310454,4.53362,-2.828126,-2.0947413,2.1926653,1.3616018,2.5343344,4.922372,0.730373,2.9625776,7.312295,-3.7958016,4.478368,-14.828300000000127
113,-42.049984,-43.147697,-51.982555,-44.6049,-38.06567,-53.085453,-43.41315,-39.640114,-41.34627,-38.16449,-50.443436,-49.39325,-39.768417,-44.700665,-42.321575,-41.93897,-45.596798,-44.704853,-48.406303,-42.462296,-31.33060000000023
114,7.8399916,4.9004993,6.446247,4.4219704,4.677365,1.2877799,2.1970544,3.6534812,9.264117,1.2395183,2.8743591,4.74988,1.9305825,6.72933,8.426716,6.20155,3.238712,5.8865166,2.986266,5.47712,-26.280899999999747
115,36.050694,33.939545,22.668404,25.326826,30.217175,17.450089,29.870064,29.681107,30.389694,31.484331,25.703957,27.806047,22.30811,32.073933,31.967932,28.896648,29.233452,34.624916,29.18963,35.762505,60.52149999999983
116,-5.568147,-8.12712,-5.1552286,-9.965092,-2.7777734,-7.187249,-8.090176,-8.923662,-4.2070155,-8.123573,-3.7858317,-9.486087,-6.9767513,-11.771834,-6.7198505,-2.0280876,-8.461818,-5.3146257,-12.234547,-7.8091736,-71.86109999999962
117,-15.007106,-15.001771,-17.98855,-10.224935,-19.790266,-15.776678,-16.953127,-5.8005977,-9.261758,-15.961385,-14.66376,-11.637961,-18.02912,-16.113804,-10.687785,-15.198162,-11.461769,-13.493093,-16.290108,-14.075254,11.330799999999726
118,-16.304197,-16.035244,-21.27324,-21.900791,-13.434541,-21.446579,-19.717009,-19.725758,-17.987381,-22.034937,-17.4668,-14.456889,-19.918383,-22.560673,-20.794481,-26.285816,-29.099857,-20.134724,-21.067661,-21.681122,-27.76180000000022
119,11.751328,18.208065,16.547874,14.843556,12.307402,15.675317,11.27586,12.628572,11.166137,7.169997,14.148869,16.879766,11.735725,11.001575,16.888844,10.568838,8.654146,7.424731,10.308124,5.895874,-25.24409999999989
120,69.35426,68.96007,60.063725,63.741814,67.302246,60.790382,63.49135,67.68074,61.406788,58.753567,59.1899,61.922573,53.706512,59.761845,77.36232,67.0908,66.477264,63.96148,71.81305,67.53643,13.346600000000308
121,31.417383,26.890238,36.851818,32.898304,33.835144,34.438354,29.735611,31.269327,33.841156,23.13649,33.6449,35.350857,29.706627,25.280098,40.351818,33.8987,34.35861,33.327457,28.187035,29.78819,67.88099999999986
122,-13.829604,-12.81059,-13.767448,-10.623977,-15.525036,-17.193665,-11.924334,-12.219595,-14.927356,-15.939589,-12.381086,-11.693915,-16.404297,-18.550428,-10.447098,-12.937034,-7.3090096,-7.994835,-15.396575,-13.705185,12.515699999999924
123,-13.2073965,-12.921906,-17.33913,-10.176461,-14.456887,-5.3939867,-18.746998,-12.3480015,-13.236777,-20.877132,-8.30114,-4.361567,-17.61896,-14.943269,-18.01294,-15.779833,-17.197092,-16.357315,-19.92664,-17.014536,-49.85410000000002
124,26.904898,31.552574,26.995018,31.872604,27.90475,38.4179,25.900816,30.808393,26.286863,22.352413,32.520832,31.031408,18.950169,26.717733,33.588974,21.470585,24.415892,19.82937,29.795996,23.133284,59.88750000000027
125,4.575392,8.887513,11.749771,0.9293101,6.028755,14.411206,7.6609697,3.300022,0.62062025,4.2460203,8.138962,10.124469,6.2591105,1.3346292,3.669426,6.7577257,4.5284534,7.8493567,8.081076,-2.782944,-6.4749000000001615
126,11.294373,9.809964,6.6650357,9.25059,8.864416,4.0306516,3.877967,9.554016,7.798187,7.906335,7.867409,14.008676,1.9648043,2.9308574,15.74777,13.297987,17.591524,10.339276,9.768406,10.943588,-17.141900000000078
127,5.9629235,4.0584073,2.2828088,8.184516,7.2222023,2.4344056,0.104380496,2.8941126,3.5176332,-6.669661,5.3082323,6.958753,-3.0017014,-4.5040445,9.813743,4.8158503,7.1703844,5.9683723,5.5998106,9.510323,-15.915899999999965
128,-9.329724,-2.2100797,0.68522763,-3.8692443,-2.6414309,-8.015167,-2.0983107,-8.644314,1.8164265,-13.71794,-1.7442526,-1.798163,-6.3270807,-7.00455,-0.95814145,-3.11168,-4.8743186,-6.068181,-8.813135,-4.8545074,-10.86889999999994
129,-12.086707,-6.1278687,-14.691072,-12.962985,-12.35802,-19.143013,-16.155022,-13.195471,-12.009873,-18.98674,-10.932269,-13.84343,-16.448559,-14.202249,-9.073048,-14.146828,-8.333646,-15.7415905,-9.601326,-8.991542,-14.71160000000009
130,28.172176,39.400158,34.586227,32.04161,36.305042,39.724724,31.373718,30.488104,33.788532,30.932018,33.413998,34.361897,31.268923,36.66852,34.013325,32.216892,38.68443,29.390831,35.35954,42.37433,56.72580000000016
131,17.732397,16.202444,19.643047,16.127415,20.091955,24.822374,17.968493,19.5193,20.920435,18.965261,20.722466,24.731928,14.36301,19.964256,16.72421,18.88074,30.703268,18.318768,22.610577,19.461962,30.27119999999968
132,6.100584,5.480141,7.6357555,7.1451664,11.58833,10.367791,11.730207,11.002931,13.857787,6.342425,9.207074,13.595459,7.067747,13.841775,9.852726,8.737361,21.027348,13.28239,9.868032,9.950508,46.01940000000013
133,-2.1648045,-5.242641,-7.219355,-5.0978017,-2.1336079,-6.4027777,-4.7470255,1.2906148,-0.48345873,-1.2546917,-2.4309926,-1.0949572,-3.524496,0.58771414,-6.7544007,-4.0846515,3.2685273,-2.360935,-4.4084535,-0.6761709,-1.915100000000166
134,-3.7360375,1.8009677,-2.8973856,-5.6097584,-1.4571193,0.64538574,0.50414264,-2.873798,0.34007958,2.04988,1.3045896,0.81363505,-0.28348026,5.677459,-8.350206,-2.347591,-0.7163413,-6.0368986,-3.0478246,0.48241004,-21.421299999999974
135,13.762751,19.508646,13.688399,11.326547,11.780566,12.099471,14.069881,13.518826,9.985267,21.920431,14.145713,12.993598,14.832853,22.925922,9.127521,12.972016,21.025429,11.307859,13.936918,19.009123,-8.631599999999708
136,4.590465,7.980077,3.6505585,2.5345387,-0.6617972,4.279419,4.0657253,-0.030655798,-2.0160656,8.051887,2.4089956,4.0173497,0.13716128,8.943099,-4.814619,-1.6291293,9.5386505,2.6360931,0.25050548,6.787123,-4.544300000000021
137,7.7012143,6.795175,6.8233943,2.6875916,5.817082,2.5509794,6.687971,4.266554,-0.6538918,9.926819,1.6915084,10.474863,2.3216667,9.916698,0.9725574,4.949564,13.719707,8.310093,4.654657,8.9283,7.351400000000012
138,-32.144493,-35.125164,-35.133453,-34.806713,-31.414354,-37.85325,-31.10106,-37.764603,-37.495975,-34.3239,-39.098053,-29.77978,-38.260056,-30.117527,-38.726196,-36.314537,-30.592205,-34.49469,-35.049908,-34.295036,-51.86720000000014
139,-22.345789,-19.95871,-21.250479,-24.33209,-25.321508,-31.925673,-20.336725,-26.87636,-22.96344,-25.685034,-27.501892,-22.168718,-24.407284,-17.652786,-26.374315,-29.740656,-20.81001,-27.59851,-27.74429,-24.024027,-56.509799999999814
140,-36.095623,-35.91178,-35.042,-36.75164,-40.71502,-42.999763,-31.819567,-45.24339,-39.779522,-41.185303,-41.447777,-39.06118,-36.66542,-30.252085,-41.157482,-40.1386,-40.800674,-40.28352,-45.294876,-36.92397,-27.58100000000013
141,-25.201162,-22.176296,-20.62762,-25.482738,-27.83285,-26.150778,-20.094772,-30.61495,-23.194534,-32.381973,-28.474663,-25.132233,-21.674618,-20.03661,-26.353148,-26.586363,-26.30332,-27.272942,-32.283936,-22.177525,-35.28639999999996
142,59.82857,69.59021,63.685123,58.60469,58.4941,56.294914,63.951702,62.504967,62.537308,55.676163,54.844975,63.292095,59.7389,64.15277,69.57627,60.69022,65.584335,59.551662,62.955704,71.20989,74.2175000000002
143,16.097782,17.141827,15.053302,13.077204,15.155063,18.545626,20.060629,17.901766,17.995192,10.353093,13.198829,17.4026,16.872341,11.9472,19.009289,18.510916,22.918262,16.12239,14.198654,22.808157,-35.30440000000044
144,9.478559,17.109205,17.592691,18.262932,10.592617,15.180957,12.877558,19.849585,19.122221,8.152007,11.998441,17.220203,11.575576,13.991242,24.272615,13.970458,20.593023,14.397725,14.000172,15.411925,50.3122000000003
145,21.921669,25.082855,15.960593,22.229301,24.719645,16.812546,25.262941,26.754328,25.537395,20.712427,22.908777,17.63838,21.84225,22.671284,24.348278,19.153269,29.64605,22.137583,21.452667,28.960032,0.9281000000000859
146,5.806511,9.613688,7.204004,5.1350665,14.711202,13.885307,8.518984,8.091801,6.3956666,8.607545,14.13394,13.828879,4.910184,10.011425,12.82762,8.126007,10.643587,8.482004,6.9967995,10.885387,-9.4378999999999
147,10.130564,11.898854,5.1459875,7.735258,12.986753,4.6794415,14.463877,16.863798,7.9040008,10.397558,7.89172,11.755447,6.7617035,6.050365,18.63915,8.472351,15.059114,9.786003,12.270499,12.219362,-4.907400000000507
148,-29.25002,-24.59875,-25.188692,-24.094627,-27.442587,-29.446579,-28.566803,-28.356493,-22.855846,-34.3386,-23.9491,-21.407566,-35.752197,-28.339376,-22.1522,-30.42229,-23.202705,-24.52063,-27.67573,-28.592716,-57.70699999999988
149,4.342491,9.884156,1.3354001,5.62559,6.5050473,-4.99505,4.7708426,6.888976,8.0964985,4.5539694,4.1598096,3.483172,0.26895526,5.419597,8.647311,-0.78395545,6.6176,8.139936,3.5336766,4.5657964,-18.065900000000056
150,-15.598295,-10.470614,-11.471262,-5.6634417,-8.025486,-6.899951,-12.382366,-14.784197,-10.544268,-18.497498,-13.331576,-9.622493,-15.894828,-12.606387,-5.519554,-15.4720955,-15.9627075,-10.605011,-16.295994,-9.332958,-36.22569999999996
151,8.208418,15.606334,14.53188,14.541776,7.6217046,7.7785892,5.5559587,10.551931,11.348392,4.1777277,10.222818,11.377219,6.688901,9.326728,14.31203,4.7535925,8.544247,11.072338,9.671732,7.8765903,29.49980000000005
152,0.17152593,6.871586,1.1116939,1.1797276,-0.60045904,0.77511203,7.83126,6.812059,0.9910281,3.6437085,-0.71508443,5.353398,-2.2663636,-0.054042183,12.394826,1.0896379,7.8489375,4.0012383,5.633227,6.8136187,35.36059999999998
153,-30.87591,-31.066391,-28.109077,-28.193203,-26.326307,-24.317928,-29.130552,-29.60312,-28.877693,-33.093987,-27.234116,-20.92172,-30.076176,-31.993025,-22.729708,-31.057632,-28.45309,-24.582844,-30.195648,-28.441404,-19.218199999999797
154,-7.69455,-8.60863,-11.552057,-7.833738,-9.939121,-9.940829,-11.623795,-3.0331695,-6.1248636,-11.334298,-5.8902445,-4.2674956,-11.934142,-14.501172,-0.22541916,-12.596415,-8.509802,-10.4389515,-10.609842,-10.082394,10.016200000000026
155,-1.2156587,3.6332834,1.2142456,2.429047,7.703214,1.6566209,-1.128639,1.1392852,6.817989,-5.709779,2.6882005,5.070705,0.7396222,-3.153758,7.2691545,1.2578856,1.3477628,3.1911094,-2.7321243,-2.2877905,4.80639999999994
156,24.50855,33.60675,25.764132,31.905876,30.977627,26.280125,27.28721,28.954578,30.07421,24.79315,28.932447,29.428537,28.385937,28.57254,38.1954,32.20612,29.579235,30.055893,25.604465,26.596746,51.46820000000025
157,18.230505,22.38578,20.409143,24.915106,25.798563,19.557972,17.923609,20.05334,19.055214,20.093618,23.385979,22.406351,14.572429,15.138211,28.815464,23.715076,25.059208,25.244583,19.985855,20.337164,-2.9182000000005246
158,-17.243994,-19.341019,-16.514553,-12.899183,-12.284075,-9.804811,-18.953249,-14.973003,-15.379798,-23.033747,-10.28942,-10.389056,-22.696747,-24.209597,-10.193136,-16.318005,-11.895191,-10.208586,-17.264673,-18.80192,-8.686099999999897
159,-30.953905,-32.672974,-33.602272,-27.993092,-29.178621,-29.400705,-29.56944,-26.20479,-28.22027,-31.369291,-27.046284,-26.357393,-34.1663,-38.36086,-27.84049,-31.90075,-28.044321,-27.361187,-27.350813,-32.777023,-31.557999999999993
160,-16.14944,-17.545517,-20.60093,-16.41076,-16.24072,-14.783113,-20.631533,-16.138273,-14.174411,-22.85998,-17.229292,-15.852422,-23.41929,-19.644325,-16.946146,-21.734419,-19.222893,-17.08799,-18.094551,-19.157902,-12.48680000000013
161,-12.818128,-17.21333,-15.950243,-14.950627,-14.923682,-20.996613,-19.090734,-17.008078,-18.747444,-18.878002,-21.336868,-17.63164,-19.307938,-17.886335,-13.544022,-16.513899,-18.20583,-17.415165,-18.234821,-20.315252,-4.5154999999999745
162,28.767895,34.39514,34.037254,31.454933,27.850931,29.847279,30.643269,30.05467,28.50261,27.799437,26.599216,31.484941,26.58958,33.73676,35.852474,30.830788,31.09357,30.104385,32.76545,31.744534,29.846000000000004
163,-12.198766,-18.003738,-13.234885,-12.473506,-12.274149,-12.342112,-12.689665,-13.184378,-15.550597,-15.688699,-14.465284,-12.310309,-14.058978,-9.1823225,-7.9424148,-11.777072,-9.972479,-10.168725,-14.799373,-10.803524,-46.24359999999979
164,-39.475483,-37.76889,-39.361126,-33.934937,-35.864002,-29.918747,-34.684353,-38.76805,-38.247982,-40.24106,-35.478252,-39.75468,-38.40845,-36.188564,-37.038593,-35.19884,-33.867554,-38.101208,-37.768425,-38.009315,-12.74389999999994
165,-8.5586605,-3.3251073,-6.8577223,-8.413325,-5.1641917,-7.622832,-0.71164924,-6.0630445,-4.4063826,-7.4982176,-8.777898,-9.119486,-5.6097846,-4.1934085,-5.024412,-9.26713,-2.2814796,-2.3700461,-5.2107987,-4.444673,10.70779999999968
166,-9.686701,-12.128622,-10.086141,-13.0069685,-11.388462,-10.155942,-7.006362,-11.306204,-12.6901455,-11.845565,-13.3573065,-7.85525,-8.725667,-6.570689,-9.784929,-10.066115,-7.3395486,-9.371517,-14.8150625,-7.254701,-32.81619999999975
167,-10.165917,-10.605329,-17.57526,-13.513299,-13.477436,-15.108773,-10.99753,-13.9571905,-16.439243,-13.407222,-16.581472,-13.961219,-15.529391,-7.284831,-14.7127075,-14.556686,-12.160515,-13.049888,-11.566885,-11.024332,-4.684799999999996
168,-12.517941,-10.49277,-11.544114,-14.918328,-14.219549,-11.509198,-6.946094,-14.658181,-9.252628,-13.116438,-11.065545,-15.690342,-16.219458,-6.789375,-15.378997,-11.801599,-13.194646,-12.7417755,-14.329876,-10.185919,-8.689600000000155
169,16.711552,22.232872,19.947025,15.042462,18.604952,15.121591,23.456184,22.948708,25.056286,21.069647,18.948298,20.744205,18.61867,25.220697,17.504293,24.509277,21.480124,22.727142,19.614689,21.866459,30.4683
170,-6.64905,-7.375553,-10.645591,-11.305782,-6.871355,-11.182652,-6.754914,-7.146824,-9.835488,-8.378873,-9.05314,-6.674086,-8.768612,-11.248774,-10.307547,-8.410556,-8.126014,-8.940252,-10.043167,-9.080353,-4.9353000000000975
171,-4.765509,-2.6724322,-3.195218,-5.380583,-6.6920733,-1.4779825,-4.520141,-2.7013671,-6.898332,-5.5523167,-8.753281,-0.10580774,-8.498627,-7.2221622,-7.84237,-8.989342,-4.650532,-4.607825,-7.9335966,-11.751646,-29.854499999999916
172,34.836086,37.49014,32.770077,29.997116,30.808332,29.466734,34.992836,36.678204,30.248924,31.170412,31.834278,33.371742,29.362808,31.964771,36.03551,33.237232,35.02615,28.778948,34.210682,33.82661,48.16150000000016
173,20.236181,27.381077,20.899878,18.125875,22.120842,24.00782,20.348902,17.10855,18.137646,17.556242,22.350203,25.52786,21.206743,17.254225,22.434998,24.02082,16.615799,21.677443,18.555191,15.402208,30.90020000000004
174,5.835647,10.190757,5.350563,8.890433,6.234755,9.316842,2.6337647,9.723496,4.328412,4.558301,5.4056416,9.19559,2.8776977,3.8212407,9.066181,8.6367035,9.892647,6.825144,6.2823057,3.0401504,-1.606499999999869
175,36.99677,37.271675,35.838852,39.50004,38.724194,43.80581,31.868263,40.989048,37.207653,34.181396,37.93501,41.510654,29.83896,34.102585,43.82185,39.467133,42.222805,40.0676,44.85314,40.560734,68.24099999999999
176,7.82933,12.925199,11.480899,13.927805,14.270698,22.267357,8.433356,12.094097,13.714789,8.891217,17.812223,19.296604,12.819603,5.8252316,16.687138,18.117914,11.775899,17.757008,15.523424,12.2395,-16.346300000000156
177,-20.785578,-16.90247,-26.71894,-17.68052,-16.210546,-14.34048,-24.403498,-15.321186,-15.1656065,-21.689415,-11.909695,-14.210555,-23.849297,-23.531446,-10.827175,-19.27301,-10.779373,-15.266636,-14.404871,-18.81576,25.674799999999777
178,-19.385183,-14.395629,-23.519676,-14.114474,-11.275179,-14.570309,-27.314718,-18.73157,-17.110115,-21.033798,-15.924424,-16.575258,-24.448025,-25.458984,-18.566751,-17.092049,-17.723776,-14.656644,-12.38393,-18.633474,-15.038499999999658
179,25.452538,30.004482,25.02107,26.95042,27.117424,30.131947,25.332033,23.643852,31.698874,22.07779,32.82506,30.23736,20.762259,26.252254,31.2144,27.877855,30.43569,31.78313,30.203114,28.475239,29.57529999999997
180,-60.134037,-60.454205,-69.52756,-58.396904,-56.006123,-62.00496,-67.35777,-59.821125,-61.62618,-59.19494,-60.608047,-59.218822,-64.37226,-63.63808,-58.489773,-64.17862,-58.824017,-55.90063,-55.663216,-61.8882,-104.8397
181,-32.495914,-27.811115,-35.48745,-27.530247,-30.911783,-24.857594,-34.40878,-28.434736,-28.574951,-37.488564,-29.957058,-26.547274,-40.705635,-24.766457,-30.318697,-31.077854,-26.108173,-27.96835,-31.915909,-32.73356,4.502599999999802
182,-70.1333,-70.920876,-76.47972,-79.216385,-70.18854,-75.33338,-70.06523,-71.562355,-73.076675,-69.253685,-80.280685,-74.30909,-72.52467,-72.36587,-75.4659,-73.55914,-73.50511,-67.04713,-68.541245,-73.0033,4.823699999999917
183,-110.782394,-119.646324,-108.727325,-113.78492,-111.14113,-108.87067,-114.910706,-113.33664,-110.879974,-118.62745,-120.55156,-105.73764,-114.174194,-109.204865,-112.24555,-111.12867,-119.53183,-113.46602,-116.122375,-118.21085,-142.37919999999986
184,-20.430077,-28.382711,-28.314064,-28.552351,-30.998487,-34.09991,-28.270746,-24.267796,-24.50269,-32.144257,-36.423836,-29.759789,-31.524712,-23.73146,-22.008207,-33.24722,-31.667961,-35.560165,-27.002758,-32.293503,23.454999999999927
185,0.95705366,-5.3810425,-3.3031397,-8.908963,-1.8879482,0.118334904,11.622423,-7.940387,0.26809886,-11.968417,-6.8235683,-4.587875,4.8057995,0.048627056,-2.7592058,-0.005571276,-6.3367043,-6.4192047,-10.752865,-0.0941253,-38.81410000000005
186,26.232178,23.899734,18.143333,17.848877,16.30557,19.23383,29.74483,27.39448,28.564999,21.909044,14.113079,19.297268,27.303827,20.423037,29.443684,23.645338,26.690596,27.231205,16.25992,25.518475,-21.76879999999983
187,-14.694474,-14.58156,-22.817558,-15.011919,-11.812601,-24.915825,-10.743123,-10.095354,-16.433949,-18.89552,-18.491592,-20.08227,-20.345707,-24.058456,-7.0051494,-14.851365,-17.560492,-17.821182,-23.86775,-11.040245,15.284400000000005
188,-48.704514,-53.124695,-46.790005,-49.84769,-47.30994,-46.698277,-46.944233,-47.553135,-49.22936,-64.43277,-48.27895,-44.487164,-49.95716,-52.66342,-44.227154,-46.113644,-51.589584,-45.8463,-60.907227,-53.481148,-75.19540000000006
189,45.62354,54.96146,33.487537,42.75856,50.958553,28.723137,47.88223,49.81248,49.16895,49.222374,37.7999,46.35612,43.64167,42.37918,59.60079,43.09483,48.465145,48.53367,49.565105,50.4234,64.04660000000013
190,37.422493,39.280342,34.702934,35.051865,42.35619,33.19168,38.382717,31.588951,36.34003,35.671204,38.104893,36.943333,34.774235,30.969738,43.42761,42.17584,27.941124,37.864483,38.292053,37.42093,104.41100000000006
191,-25.118105,-23.72532,-15.878863,-16.29432,-21.974012,-28.350965,-18.45684,-25.588072,-12.705995,-29.2768,-19.69586,-23.967882,-21.390202,-26.975325,-7.885297,-18.08786,-10.498047,-10.338589,-22.516348,-28.44901,-60.050700000000234
192,-24.91271,-30.596798,-41.66202,-29.036062,-29.710848,-34.639,-31.433336,-19.75064,-23.91764,-25.47653,-24.443459,-23.829214,-37.41465,-34.215733,-26.730589,-34.721725,-26.456846,-30.426107,-26.866875,-27.622824,8.4695999999999
193,-40.67825,-44.894123,-44.430527,-44.24936,-33.42433,-32.630623,-41.6515,-42.571987,-32.568638,-47.742043,-36.40208,-35.626198,-41.690403,-49.36958,-38.97178,-43.86475,-47.66434,-40.289173,-46.20939,-44.43453,0.5044000000002598
194,-77.733116,-75.158966,-76.3028,-82.220474,-75.919266,-81.357216,-83.77185,-77.89769,-75.03151,-86.211464,-76.84695,-75.67351,-81.461845,-75.315475,-76.52011,-84.88464,-82.356735,-79.1844,-81.88724,-89.919304,-4.952700000000277
195,-39.00672,-41.817047,-46.15681,-42.385098,-35.60797,-48.066467,-51.48643,-42.485508,-50.272984,-49.04048,-49.593815,-35.16927,-52.772465,-49.97113,-42.91334,-50.30811,-48.18276,-45.065624,-48.122658,-46.933243,-56.743499999999585
196,8.897978,4.89526,15.864055,9.813618,7.153013,12.603674,7.0443296,7.0229373,3.9491088,-4.6169186,4.104724,14.378273,2.8482757,-0.77856904,19.969923,1.546889,4.4970784,5.9571733,12.753614,-1.9008534,25.94479999999976
197,-18.953152,-17.377104,-11.873065,-14.645518,-20.088068,-22.24138,-8.735702,-19.144226,-9.553386,-27.466902,-23.064207,-21.308535,-13.229381,-22.146978,-6.3299217,-13.72183,-11.757551,-16.540833,-16.32627,-21.34213,34.735099999999875
198,-3.7009215,0.36642504,0.15420052,1.6002785,0.37779695,3.2543375,3.2375188,2.1835885,2.0425708,-11.899001,-1.7957903,2.891007,-0.8098478,-1.783647,5.125656,0.28965768,5.7315063,2.4000022,-5.603933,-1.5093648,3.4540000000001783
199,38.96406,41.58358,35.656654,39.482372,41.239452,43.58981,40.755367,45.53233,40.841717,32.93661,41.3011,46.4745,36.490852,40.744152,46.486794,40.2431,43.935757,37.529305,38.908318,43.57503,70.23900000000003
200,-0.42111996,-5.522909,0.48170182,-0.9376751,7.733495,12.649248,7.0786304,8.263903,-0.6670339,0.13054766,5.901382,6.699002,-1.7010546,-2.543968,3.9589128,-0.1701645,4.149241,3.8429656,-0.9812984,-3.3363101,-11.045599999999922
201,-13.25116,-11.192775,-12.909514,-15.6207285,-6.385915,-9.94247,-8.346099,-4.9742346,-17.425745,-11.885956,-12.013423,-7.3465757,-15.529909,-18.86724,-4.1378384,-14.425424,-6.167899,-11.272802,-7.9642305,-17.31929,-6.074200000000019
202,-13.875214,-10.932064,-20.820053,-14.746784,-10.611991,-23.022476,-17.110897,-17.00014,-17.861992,-21.081766,-16.857403,-15.195557,-21.582531,-21.993023,-18.115206,-20.96815,-16.031422,-14.708643,-14.270653,-17.227806,-18.014400000000023
203,6.740664,12.89549,13.194149,8.765163,10.026626,6.5537696,12.678648,4.373765,11.609516,4.348981,9.763379,11.698142,9.225028,11.410609,18.221498,11.847907,12.804169,12.551036,8.497012,10.941563,-5.709800000000087
204,-29.125101,-23.56155,-33.18118,-25.80788,-27.111425,-33.85007,-28.102858,-35.861126,-28.884768,-33.50583,-29.241865,-32.293697,-30.130104,-27.246738,-25.252136,-33.125805,-23.514309,-26.888397,-25.55888,-27.091997,-36.760699999999815
205,8.679147,18.72475,14.670884,12.753699,8.887295,13.440439,9.547207,10.950816,17.657686,3.6643777,11.927588,8.603985,5.458087,16.580074,16.073956,12.502637,18.107656,16.933033,11.486307,18.817549,31.647999999999683
206,11.747333,18.494019,10.499514,6.7770433,13.191761,9.665965,15.144595,13.676094,20.104694,12.278302,15.638627,10.131181,9.228873,21.044132,15.457314,17.533129,22.401022,19.13408,12.055798,22.316244,24.360000000000127
207,-23.395302,-18.382938,-16.911266,-22.536694,-14.660658,-8.7252655,-23.857973,-14.76695,-13.605413,-22.734095,-16.147635,-15.753761,-20.810322,-12.370322,-20.491812,-16.707731,-8.442594,-13.724557,-19.26196,-10.145623,-22.63700000000017
208,10.226285,19.362019,10.977583,12.585401,13.371651,16.227463,14.263798,23.879427,19.224554,14.642567,15.245478,16.87433,8.023979,16.244066,14.487977,14.928756,23.370455,14.413289,18.767572,17.123644,35.927900000000136
209,13.281273,17.590687,13.641924,8.826914,14.947625,15.91691,17.358395,17.471874,16.528625,19.09239,17.07723,19.384281,10.567053,18.1269,11.598674,12.544654,20.415241,16.008062,15.1569805,19.04467,10.939300000000003
210,17.654068,19.040108,14.274238,10.8309145,17.813555,16.468197,18.96402,20.664217,16.789373,20.000559,20.71892,24.160461,12.345965,19.499912,12.729138,19.213736,22.385815,18.283611,16.895882,18.539165,24.40189999999984
211,-26.871561,-30.313852,-32.447247,-27.652378,-29.528355,-28.944092,-26.124222,-25.808012,-36.106773,-22.053232,-31.174177,-27.32377,-32.26169,-28.977467,-34.592216,-31.588285,-25.977333,-30.337025,-30.257072,-28.332342,-57.6570999999999
212,4.7510686,6.8023524,3.070037,3.0871089,-0.12894982,5.731022,5.4826746,0.8446587,-2.1033218,-1.0250098,1.2680602,8.183772,-1.6678634,5.2343864,-2.6606684,-1.8563157,4.184164,1.5224477,-0.8415449,1.3114986,5.65079999999989
213,-17.387148,-16.773466,-19.952736,-23.244267,-17.44877,-29.18642,-21.323195,-24.632013,-28.410316,-21.730658,-26.034502,-18.233576,-23.233364,-20.46993,-22.440462,-20.912823,-22.202465,-17.906778,-23.277939,-22.519709,-6.071399999999812
214,-45.46709,-43.775276,-42.84627,-42.72116,-49.615307,-47.700813,-42.363537,-53.176014,-48.42487,-51.356125,-52.63843,-41.96232,-47.932137,-44.891174,-46.672115,-45.439117,-49.43463,-48.156635,-49.785458,-52.344666,-65.95080000000007
215,14.389903,15.735822,9.228052,16.097227,4.65638,4.456477,10.697935,7.459872,9.232369,-1.2157289,4.7111917,7.4941487,2.5650632,10.922811,17.26876,5.5347176,12.619322,4.2672625,15.815613,9.990055,-3.6729999999997744
216,6.2559934,17.07148,15.552222,13.008085,7.470059,13.564017,14.464249,5.972286,15.253336,0.09109344,7.4034996,12.388595,9.4204,13.356994,17.292938,9.694715,12.348507,12.128098,7.3273454,16.890228,-1.1309000000001106
217,29.061434,34.977116,32.989506,26.7468,27.979544,33.494453,31.864756,31.593302,34.322224,22.81126,29.179157,35.366955,29.643806,30.15107,33.44846,29.577314,38.186947,34.085224,32.359024,36.91677,27.05729999999994
218,-21.786083,-16.528183,-15.719209,-15.990379,-18.01828,-17.012484,-19.252615,-13.90614,-18.700901,-28.130203,-21.35775,-11.843948,-22.596924,-20.92939,-10.808634,-18.795519,-9.651339,-15.668863,-15.16811,-10.349423,-34.29309999999987
219,3.2907705,15.404603,13.943654,13.997886,7.492041,17.092022,5.0704126,11.772947,12.695179,0.80696857,11.830493,17.740997,2.7365024,5.430823,16.083357,8.557581,14.834759,14.027735,14.776535,11.564959,20.74409999999989
220,37.607265,45.52368,35.953716,39.75771,38.719162,34.933212,41.548473,42.167595,39.3226,40.67355,40.22636,38.742725,32.880848,40.83186,42.94943,40.380302,44.242416,43.909832,40.67336,44.561676,66.61049999999977
221,9.386692,10.827917,11.748509,9.218882,15.031425,20.351389,10.222952,10.175344,7.460927,12.215844,15.284425,16.351744,10.192609,10.870999,10.691334,14.618421,12.83435,13.19864,11.295487,13.92341,11.159700000000157
222,-19.368536,-23.470972,-24.809357,-19.560041,-17.025095,-15.519199,-19.510174,-14.730537,-21.979359,-19.623983,-16.223913,-14.717923,-24.76406,-23.648342,-16.109686,-21.856222,-15.513292,-20.361965,-18.11723,-21.84919,-16.152599999999893
223,-37.327465,-39.471397,-40.415165,-36.46779,-36.582264,-33.033363,-40.64343,-36.851574,-38.621193,-42.64485,-36.677162,-32.23129,-45.049408,-47.47591,-37.28204,-42.878273,-39.49084,-38.344597,-38.490425,-41.72782,-44.62379999999985
224,-13.01216,-10.243683,-14.578511,-13.525696,-10.174082,-12.725073,-13.9255905,-13.482887,-10.802397,-13.68183,-15.425487,-12.597222,-18.611448,-13.727002,-12.939934,-18.021433,-16.618567,-10.097126,-14.947628,-17.361378,0.7062999999998283
225,-10.791282,-10.400695,-11.8646345,-11.522036,-9.440466,-16.291008,-16.502367,-18.21546,-16.13366,-15.370032,-16.794987,-16.345667,-19.843243,-16.24554,-10.641783,-13.756153,-18.176395,-12.21982,-14.317744,-13.726917,-21.30540000000019
226,-3.182724,-4.3037853,0.23471496,0.29699114,-6.056839,-3.9946747,-9.31766,-8.875449,-6.1277404,-10.209023,-7.5885773,-5.709541,-8.554135,-11.195809,-0.5078541,-4.8477507,-5.518518,-4.521222,-4.9991894,-8.888595,9.50590000000011
227,-0.5682664,4.8888097,4.071176,8.364701,0.8715039,-0.57477057,1.1480254,3.4785576,2.224631,-1.5397563,-1.139609,1.7548445,-1.5218934,-1.4590946,7.1666503,2.7784145,2.7541993,4.42449,3.8006287,1.3148456,8.064499999999953
228,13.183347,17.043175,15.280778,17.49913,18.266882,20.774067,16.122322,18.09567,14.8823805,9.677506,16.645403,19.127106,13.598012,15.368625,18.222115,17.625458,15.563536,19.053324,14.471851,19.32492,31.896500000000287
229,-26.104658,-31.759815,-29.753317,-23.894505,-24.886469,-23.933952,-27.925081,-25.102945,-26.058306,-26.82419,-25.680243,-24.478025,-29.37046,-31.307735,-23.22585,-26.828037,-26.340952,-26.682827,-29.548986,-27.59295,-40.30840000000035
230,-15.413019,-17.340244,-18.120548,-13.199347,-15.018999,-9.294909,-16.935028,-15.010899,-16.435802,-21.911121,-14.260997,-14.14884,-19.979345,-21.555283,-14.794085,-18.306477,-17.394688,-19.189854,-16.568018,-20.840902,4.233000000000175
231,-3.154426,0.03698165,-5.6729665,-3.2816796,-3.888091,-8.856179,-4.102377,-7.3992424,-7.948566,-5.9848857,-11.773762,-8.338156,-9.563059,-7.7342634,-2.1641035,-7.986886,-7.000027,-4.065736,-5.875334,-6.162548,-21.32420000000002
232,-10.712127,-11.720609,-12.793155,-12.64232,-11.727192,-9.225132,-15.549286,-13.908735,-11.257074,-15.926503,-13.608786,-12.97973,-15.417011,-11.30709,-9.33424,-9.891405,-14.257313,-12.787281,-14.523183,-14.474762,-27.086099999999988
233,-3.066669,-2.539688,-3.2998328,-0.23344454,-2.8202116,-5.384286,-2.7154012,-3.6484213,-1.1399813,-4.5080585,-6.770725,-8.031078,-6.0102787,-5.4102607,-0.48778713,-1.3335351,-2.9434898,-1.4250162,-1.4232612,0.20637998,-13.295900000000074
234,-20.832348,-17.6685,-16.431217,-18.42123,-17.726961,-13.737168,-18.294739,-24.658932,-14.19642,-23.339766,-23.54712,-19.181517,-21.051577,-18.077126,-18.868753,-20.76573,-18.905802,-14.350611,-20.046896,-19.688683,-20.016900000000078
235,4.1937094,8.329524,2.2677436,3.1028194,7.1593833,2.494466,5.6328764,6.5066795,9.0341215,3.2344594,2.9125812,4.0620437,0.971422,5.4818254,4.793788,4.357884,4.7745843,7.574691,3.7093606,7.410879,10.75649999999996
236,-11.272396,-13.026691,-13.550683,-12.100282,-6.621512,-6.9216948,-8.539143,-11.12967,-9.482838,-10.716688,-16.175106,-9.888183,-13.4097595,-9.01678,-9.283191,-8.925203,-11.2627945,-9.78439,-11.181835,-7.7965584,-22.18809999999985
237,-6.8844132,-4.2706556,-4.7156034,-6.7569513,-6.7678657,-3.8945212,-3.7519388,-5.3889155,-5.1297803,-5.123492,-8.404288,-5.9195714,-8.135013,-3.6971514,-7.376921,-6.0401897,-6.970318,-6.397971,-7.6226206,-6.873225,-6.5250999999998385
238,-3.2959952,-1.5045104,-7.7035923,-9.079061,-5.008075,-7.3543406,-1.6729404,-5.030883,-6.315151,-0.8257667,-8.246787,-6.0648117,-6.8744707,-4.0064917,-6.781129,-8.2648,-5.4268727,-3.8240652,-7.1525564,-5.427558,-15.207499999999982
239,0.1584557,0.5367286,-2.260746,-4.817462,1.5674552,2.4179087,1.8355421,-2.6720595,-1.4357939,0.4894978,-4.2704444,-0.99914175,-1.3537774,0.00020042807,-1.638985,-0.09597674,-2.9196599,-1.8820665,-3.6853213,1.4997253,10.809799999999996
240,-13.281015,-14.356332,-19.587997,-16.24284,-14.380966,-20.827503,-14.307842,-16.12601,-20.00957,-12.70334,-19.660685,-15.417357,-18.728275,-19.297998,-20.291338,-13.768411,-15.899483,-18.126028,-17.14521,-15.301281,-28.605199999999968
241,5.730387,4.859197,1.2628034,4.0846577,-2.100176,3.9213974,0.42188537,-0.1665382,1.3328036,2.167778,-3.750512,3.897846,-0.34734365,0.046180405,1.8765067,0.42619798,1.5044477,1.3822443,2.4316995,4.0321465,-0.9282000000002881
242,34.54326,40.609825,31.000175,35.389816,33.902378,27.359047,35.69058,34.683754,32.96201,35.296165,29.725784,34.45355,30.284758,33.349205,36.849888,35.971004,36.239895,36.651432,35.561714,38.145985,50.50540000000001
243,17.145012,21.405285,18.807343,15.614589,21.099867,19.928692,18.503386,14.435015,17.257914,17.80747,18.826666,20.771046,17.380894,18.014517,17.227179,21.128445,20.602377,21.009539,17.981974,18.462122,18.2204999999999
244,9.692436,14.196227,10.496054,12.585766,13.602173,12.959473,12.332205,13.906287,11.373281,11.935657,11.996831,14.753574,5.3392134,9.251581,13.039257,11.750352,18.252563,14.018334,10.575397,12.552073,-6.626499999999851
245,8.251263,8.477829,5.518648,9.038221,9.650751,13.697057,5.293806,10.037544,7.55731,5.8075705,8.644152,11.246408,1.2719488,2.0747168,8.949295,5.6708574,11.529386,9.469328,10.991227,9.19807,17.882700000000114
246,-6.906105,-2.601022,-4.855916,-5.558967,-3.7740011,-4.514088,-8.194345,-7.798189,-9.43506,-4.438609,-6.586046,-2.7885199,-9.7548685,-9.786653,-8.053931,-7.428168,-6.8650517,-3.6445525,-5.1343565,-7.53032,-9.246399999999994
247,10.814123,15.118461,9.181845,13.625594,10.883514,10.91023,6.997735,9.87623,5.8049407,12.650842,10.843297,13.505376,2.1695442,8.277724,9.031778,9.439876,12.803993,11.759391,10.954761,11.692781,18.73279999999977
248,-13.009362,-9.074002,-12.791496,-9.7105255,-14.13055,-11.483947,-17.349123,-17.75353,-18.155231,-17.305376,-15.818652,-8.623818,-18.820198,-17.790249,-12.971901,-14.826933,-16.041697,-13.685802,-8.851722,-15.943585,-18.065999999999804
249,14.569207,21.497982,21.236393,21.948772,16.170528,20.02352,14.00614,13.271599,15.176451,11.230581,13.448888,18.902336,10.700178,13.494793,17.878672,14.125791,18.053595,17.788925,17.497665,15.481809,34.57960000000003
250,1.9403855,6.716055,1.6068814,4.7836246,2.32368,-0.8868271,2.4099278,1.8742777,-2.0511162,-1.4139448,-1.5976523,4.815629,-5.6553497,-2.2329562,4.5173316,0.8999492,2.7234924,2.1400363,3.1382308,2.0487654,0.0771999999997206
251,4.4819436,9.77081,9.547699,8.070118,6.4584126,13.593924,6.013908,4.425104,3.6780276,1.938959,6.93487,14.094888,-0.12080713,7.754803,5.9168305,6.578476,9.452609,7.143944,5.147004,6.46175,-10.785099999999602
252,28.33472,32.32982,25.825695,31.855026,27.169367,27.916035,31.270348,31.424936,28.314007,26.773611,26.39146,31.497454,20.878712,26.843796,32.85277,29.7771,32.58384,29.688152,29.622015,33.253895,36.36859999999979
253,-4.2761264,-2.9621966,-2.8146896,-6.1310606,-0.7527123,3.2688746,-0.97457397,-9.214932,-7.044256,-6.0738335,-4.1166687,0.55773443,-6.6841383,-3.8770607,-5.198142,-2.8924222,-2.6755397,-3.0720637,-4.027384,-4.7595387,14.503799999999956
254,-18.250772,-15.23511,-20.490746,-17.389793,-15.417221,-14.486173,-16.740181,-15.780886,-22.316505,-19.287817,-17.126757,-15.119855,-27.378883,-15.55723,-18.894068,-17.699436,-15.192331,-15.490362,-14.759651,-18.420584,-30.80529999999999
255,-5.6239414,-3.831747,-9.220583,-2.8144457,-7.878536,-0.6510885,-8.441916,-5.1435037,-8.822436,-7.223484,-8.4077,-4.0791965,-13.882838,-4.9010954,-8.178207,-7.1093936,-5.258004,-7.8823056,-3.0677416,-3.7078798,1.300000000000182
256,-14.705289,-9.75361,-8.470385,-11.862152,-12.076962,-10.225213,-11.511576,-17.80709,-13.907176,-12.049011,-14.5429945,-10.221195,-17.518215,-11.198995,-15.91459,-11.016068,-13.247448,-14.020956,-11.684984,-10.48008,10.68939999999975
257,-8.692528,-4.7192006,-8.375278,-8.824667,-8.068929,-9.953361,-6.182376,-8.272191,-10.479058,-8.395818,-12.890813,-6.028282,-14.977366,-5.062786,-9.998449,-5.91603,-6.2339187,-6.758696,-7.670855,-6.3183846,10.029899999999998
258,-4.5338936,-3.2739298,-5.96117,-4.1601443,-3.5741446,-4.161691,-5.61791,-2.5898368,-8.558038,-4.185855,-9.425192,-3.3139513,-10.731524,-4.1958423,-4.279338,-3.03652,-2.4822624,-5.4757967,-7.15388,1.0578916,-4.7466999999996915
259,-6.8450584,-2.008191,-4.313383,-4.1737328,-5.145181,-2.9822361,-5.4405875,-5.11885,-5.2437944,-3.6975074,-6.829352,-3.234496,-7.2721806,-1.9683465,-5.6270056,-5.065317,-4.935126,-7.3363953,-6.6279173,-1.3808138,-2.7231000000001586
260,-8.527495,-5.270767,-5.4942403,-6.9531083,-6.4969106,-10.55173,-5.3177385,-6.646947,-9.359857,-5.321559,-9.489234,-5.0694695,-11.045564,-6.779244,-8.676533,-6.698736,-5.2909284,-8.518178,-9.788066,-3.343374,-18.677999999999884
261,11.271382,13.740846,10.120009,9.463145,11.651838,9.610902,10.459463,11.808767,5.8841643,10.018408,4.386936,11.886833,5.755544,10.999297,8.890192,10.592034,13.002192,9.347306,6.8916054,14.777417,8.996799999999894
262,5.8980126,6.6238914,4.3081694,6.8576126,8.230915,2.9230077,6.924976,6.9646072,0.2784846,6.0452785,-1.5542356,8.8838,0.5985361,5.5448847,4.178495,7.8073535,8.291047,6.7594914,3.116238,10.228836,33.65990000000011
263,4.1288667,5.756491,5.70802,3.4359894,6.029804,3.20412,4.3357553,3.992404,1.2651072,3.6622634,-0.6687709,7.791577,-2.0280879,2.034091,5.560083,5.5977364,4.7080164,7.1889734,3.403189,8.330572,35.66369999999961
264,5.925959,9.446706,4.6906652,5.771712,6.187815,2.4383922,5.7351465,7.1058855,4.6718693,3.8690968,3.5399578,7.277454,-3.6883168,3.9559472,9.096674,7.683468,8.085962,11.022512,6.0130906,9.881353,17.99770000000035
265,9.584823,10.195865,11.407693,11.941937,12.1528,10.351958,8.23597,12.921345,11.335872,8.978845,9.411907,14.184936,3.7756844,10.639735,10.928522,15.668958,14.10119,14.146273,9.153206,13.802404,49.17459999999983
266,2.048113,3.6895332,7.6178265,2.821387,4.5810256,1.2254239,4.1861644,4.3234606,2.4562938,5.4491706,3.3368154,7.461906,-3.4646711,1.149489,2.0658855,5.9740105,8.785467,6.291118,3.368371,5.627358,-1.3683999999998377
267,3.4470625,11.004533,8.493783,6.3164744,4.1155267,10.212087,6.291873,9.222486,1.2920101,2.1533165,7.914042,12.912161,-4.375529,10.665807,4.728496,3.6516027,10.011627,6.1006203,7.1125574,8.404348,-37.31489999999985
268,37.498177,41.747776,37.49486,43.827423,42.925385,43.617294,38.811573,42.272152,34.458225,37.21487,38.297276,47.274944,29.937153,41.064953,40.108406,38.356598,46.22477,41.16956,41.513718,45.012104,71.97159999999985
269,-0.5800785,2.3162382,6.008954,1.864569,9.019066,5.453714,1.9509972,0.07690674,-5.322237,4.0456986,-5.6967955,9.165203,-9.959616,-0.802543,-0.28361428,1.4510137,0.1347377,4.1895766,4.216835,2.6790884,1.289299999999912
270,5.1651545,1.8413033,5.0096016,2.3553202,-1.7935237,-1.4020559,-1.0981905,6.486046,-1.7441499,-2.1663291,-5.426125,7.6852584,-7.735873,-5.6063457,8.035973,2.531576,9.638246,3.1258223,7.475995,2.7625542,5.572999999999865
271,-29.097906,-29.023163,-30.502775,-21.12418,-34.01348,-36.54711,-33.737644,-33.12234,-37.28832,-44.893112,-33.738655,-19.755114,-43.397205,-37.130165,-29.452435,-37.98572,-32.243404,-31.013744,-29.751297,-35.815365,-9.417699999999968
272,43.956577,69.17666,63.56304,61.163536,51.725727,58.997612,56.82651,58.1285,52.540264,50.012543,59.153408,66.436035,49.001106,56.297108,54.070797,52.594616,58.31045,60.262653,56.55389,59.189148,52.42500000000018
273,82.6492,86.78646,83.81105,88.06564,85.64886,86.552086,88.31027,84.93536,80.45665,81.75992,82.59586,86.7245,68.95055,88.25778,98.75318,87.35242,93.66,86.189514,80.811005,90.48267,157.05719999999974
274,0.6869443,-4.632514,11.275525,6.343443,11.643669,12.384442,0.066659816,2.7468004,1.0536227,-0.9974538,6.767148,16.859537,-2.9987152,-5.1814904,7.1072464,5.94611,10.495622,10.258041,9.840517,4.7419615,-19.767100000000028
275,-1.0518888,-2.669743,-6.200634,0.41382912,-6.401774,-6.64128,-7.503139,0.46026856,-7.678891,-9.016402,-0.45427382,8.874955,-21.629803,-13.61973,1.4322431,-13.46032,7.2298727,-5.826378,-2.4076433,-4.490485,12.307900000000245
276,28.374353,32.770008,25.25922,38.01872,35.539474,26.373035,25.996199,28.90725,25.29012,26.809748,34.315132,40.29112,18.645323,20.498608,27.288921,24.00814,31.476295,32.86604,32.12007,27.010155,-12.870400000000245
277,24.311647,36.0899,32.421925,32.47336,39.117374,37.863564,30.752506,28.494,22.648659,39.023136,34.79433,45.15807,17.521423,37.21195,29.359415,26.85096,31.746918,31.202116,33.922447,28.943325,53.051200000000335
278,3.663109,2.8166924,-3.2054982,4.3292956,11.587998,-0.34651673,-5.8811975,-0.27021545,-6.769321,8.17312,-2.405634,10.341224,-13.122733,3.1993687,7.4022975,0.27948102,9.141632,2.8783333,12.600323,0.3202469,33.57049999999981
279,49.252155,57.572926,54.36455,54.064117,52.527027,54.97799,39.742016,47.205288,44.40961,46.0524,42.477486,64.20502,31.021727,50.31371,59.232964,48.90928,63.9996,54.61735,66.61577,51.72946,26.671100000000024
280,5.8306184,5.0505176,-0.049988292,11.320977,1.2359902,-7.3257837,1.7485155,14.374144,1.3096974,0.47027197,3.1072369,9.227393,-12.429493,3.6789525,18.832533,9.848458,11.82407,20.360203,8.926573,10.600727,47.852499999999964
281,-40.630596,-42.34567,-30.16092,-40.33056,-37.665897,-37.562553,-45.05191,-40.969337,-40.501846,-44.429035,-33.137993,-34.775608,-47.67401,-41.595104,-42.124767,-41.29896,-37.872246,-35.23244,-40.93564,-43.255375,4.31880000000001
282,-47.916416,-37.896988,-43.01029,-40.812626,-50.531094,-49.000774,-50.34982,-48.433796,-53.765976,-61.98675,-46.977795,-46.155827,-64.783554,-41.009968,-48.18195,-62.08327,-46.57871,-46.198853,-42.066086,-44.083054,-136.55650000000014
283,35.54762,46.212334,41.165894,50.979774,31.9131,49.5924,40.51474,36.367977,39.479916,21.490969,38.364086,49.59293,21.601255,52.605312,46.67455,31.589943,41.59518,32.384075,43.30988,50.64781,57.13110000000006
284,15.649343,20.211166,35.272045,25.052889,22.724173,27.421938,24.432302,16.588541,18.544266,13.230317,19.293402,33.56458,5.818181,29.370293,29.158056,23.289692,24.556965,17.262688,28.892838,31.369867,33.314800000000105
285,1.7777616,16.796217,26.592525,9.746945,10.552322,17.20652,15.12058,13.997747,4.097668,-4.654846,-1.8866292,18.390972,-4.1171646,18.33738,16.729786,1.4917556,19.539341,13.597633,15.211254,15.228508,-33.35599999999977
286,37.91402,51.795433,38.227215,49.97702,40.55241,42.42035,45.362392,56.997093,41.66316,27.073452,38.898876,51.069057,30.932919,42.73458,56.90496,43.405376,58.113144,48.744236,48.982506,59.420837,-36.26630000000023
287,52.415134,54.46223,64.245895,62.116962,53.974247,61.45534,62.411144,54.3923,69.77193,53.04279,61.340923,68.18738,50.89737,66.091805,66.29191,63.079014,65.36704,63.82238,56.716736,73.59359,31.066200000000208
288,44.83221,44.87175,48.503227,37.56965,45.393692,41.364807,47.938267,46.533474,44.558426,52.064857,46.598495,46.18378,41.132755,44.376465,48.797535,44.991558,53.087444,52.304554,37.864426,48.248524,74.66640000000007
289,-0.39546624,-0.07369947,3.6959486,-0.07974073,8.339418,5.752974,4.7963676,2.6020107,-11.08683,5.939964,3.6649675,12.760807,-5.7425623,-0.3325604,-0.3233949,1.5746909,9.741909,0.9088934,0.46284774,12.7384815,-5.442600000000311
290,31.355572,34.81003,28.399427,31.606953,28.605917,35.55555,38.987453,27.488714,24.973488,42.443867,30.429893,44.450386,14.026347,39.948772,23.11195,24.223572,38.239376,26.14412,35.362892,29.50258,-0.3346999999998843
291,19.503345,15.174558,20.099241,8.229644,13.530263,13.179276,14.306185,6.9005375,10.701716,17.465399,10.182037,19.149212,5.8747125,17.406464,9.202941,10.504401,12.695902,14.666648,14.202958,8.712224,10.814699999999903
292,-4.4307556,-4.501598,-0.93293667,-13.455537,-5.358022,-20.706993,4.0384173,-11.141542,-9.409424,-2.430355,-15.373895,-0.88535935,-7.616103,-4.658146,-10.94725,-10.681294,-3.481849,-4.795082,-8.499046,-11.269088,2.6937000000002627
293,-29.038761,-33.44084,-37.533436,-32.736748,-28.98819,-42.160164,-31.056736,-35.3445,-49.205647,-31.917688,-38.441433,-32.008606,-41.89412,-30.376871,-37.85478,-35.6033,-27.937101,-32.875874,-36.47677,-31.124128,-61.11740000000009
294,2.8217456,4.6904445,10.111772,6.119766,-0.36456984,8.090141,7.694742,-3.152285,2.5598366,4.651248,-0.34264052,13.67737,-2.8265712,16.888628,6.0082145,5.076641,5.9450545,4.039157,4.372797,12.948169,-45.93589999999995
295,24.721102,23.770533,29.317238,29.878967,16.74536,16.854914,31.345406,14.675209,31.210894,18.196405,16.324314,27.948034,15.040698,33.020206,27.52803,27.641432,24.89677,21.617353,24.568449,33.518303,25.624199999999746
296,-11.813366,-9.605153,2.7410963,-7.9148865,-11.291686,-16.270401,-2.6376371,-12.674376,-11.044296,-21.096117,-21.050423,-9.129136,-15.689594,-4.089876,-11.795929,-13.039939,-5.69346,-7.65211,-10.910334,0.05093786,-27.77619999999979
297,12.367849,14.288392,15.769199,12.316588,7.476828,4.339837,6.2317057,9.349155,9.963434,1.8816174,-6.1338024,8.961998,4.1808496,20.531965,13.887496,8.612437,20.064123,18.526514,8.21262,27.150846,95.8145999999997
298,-7.6441407,-13.860059,-1.329844,-7.5752263,-1.5263203,-13.188443,-13.4228945,-17.795311,-8.709711,-13.24323,-22.912031,-0.20637949,-16.491089,-6.329976,-4.7028856,-13.271679,-5.514745,-3.839041,-10.706778,4.713581,79.60300000000007
299,0.24791202,-1.0519633,24.59138,11.52013,8.673466,10.088614,6.7017307,-2.5729465,15.837041,1.1027974,-2.1005878,27.036076,1.6031542,14.110127,18.56372,11.532428,26.395351,22.739975,12.518859,12.11429,6.461700000000292
