,1_times_lag5,2_times_lag5,3_times_lag5,4_times_lag5,5_times_lag5,6_times_lag5,7_times_lag5,8_times_lag5,9_times_lag5,10_times_lag5,11_times_lag5,12_times_lag5,13_times_lag5,14_times_lag5,15_times_lag5,16_times_lag5,17_times_lag5,18_times_lag5,19_times_lag5,20_times_lag5,test_percentage
0,-17.364218,-29.435217,-22.26079,-58.29232,-33.490295,-56.9401,-68.99925,-35.44301,-30.81003,-49.78668,-26.505375,-30.990423,-36.113304,-25.566317,-28.309206,-35.142628,-42.45008,-39.94297,-43.675022,-48.779667,74.12900000000036
1,-90.95342,-95.132935,-96.12544,-106.25772,-96.808975,-143.69073,-112.9951,-108.89087,-105.45037,-107.52869,-103.91321,-91.52818,-101.03048,-98.93566,-96.49824,-95.25005,-106.12538,-103.672165,-114.76912,-108.194954,-236.8380000000002
2,-31.417942,-37.786484,-44.835457,-31.352097,-14.955473,-33.64659,-47.68075,-39.16244,-43.07281,-33.081913,-24.64815,-27.39281,-51.62477,-41.251038,-42.22732,-24.466581,-34.374924,-25.94643,-40.812042,-52.02226,61.41000000000031
3,23.714489,13.803401,6.1128964,-9.67362,-8.25834,-13.488648,-11.3537445,-7.528752,-8.016592,-14.003324,13.790267,26.2223,6.497639,25.83779,5.8327513,-7.1864686,-17.444042,12.973376,-7.849875,-24.829813,-169.70800000000008
4,-36.42709,-42.49889,-59.814545,-66.841545,-41.744213,-79.15065,-56.975338,-91.48516,-72.282166,-69.55934,-52.640366,-62.727882,-69.20349,-67.04242,-50.52508,-52.823215,-66.686646,-66.470795,-72.337105,-72.41883,6.156999999999698
5,-31.047804,-46.254635,-42.69256,-62.000057,-45.87902,-69.741356,-84.4218,-70.729324,-74.937645,-52.979637,-57.689323,-39.247623,-61.22606,-60.14618,-60.93098,-60.07149,-48.408722,-64.74484,-57.978775,-64.275505,-73.26399999999967
6,-6.406448,-3.1170402,4.135672,-25.663124,-16.748718,-16.924501,-5.1584835,-45.89812,-30.613598,-19.497526,-9.576286,2.4097316,-40.44547,-18.75491,-8.598029,-22.558535,-27.174318,-19.778114,-13.685027,-21.381475,58.052000000000135
7,-39.76242,-41.601765,-40.271935,-57.683422,-45.923412,-61.68917,-74.94431,-66.7393,-65.05514,-48.558308,-49.37329,-45.43803,-59.770668,-56.09866,-56.17821,-54.71614,-39.900127,-53.37497,-56.76832,-57.66448,-106.67900000000054
8,-41.88607,-39.119717,-36.835308,-61.19241,-44.46218,-47.069466,-39.116165,-64.06787,-56.954727,-53.785698,-48.785835,-33.811733,-67.52917,-57.20908,-51.372368,-53.04965,-46.87186,-44.558197,-49.411537,-57.184402,12.866700000000037
9,-25.781778,-25.368088,-11.534632,-27.46688,-24.103373,-25.081177,-43.603348,-37.38834,-36.364864,-30.016193,-17.146223,-31.243998,-30.932821,-33.96324,-37.84522,-35.10971,-14.709529,-34.44151,-33.97381,-30.409992,93.90260000000035
10,-44.94227,-41.797184,-16.881124,-49.101574,-51.63261,-41.980545,-39.70959,-54.37009,-39.887157,-29.145111,-33.20598,-27.648298,-45.77487,-43.885674,-43.15343,-51.78952,-31.23506,-45.304188,-38.426075,-40.233555,-31.045500000000175
11,-28.426483,-10.945301,-1.9909481,-27.305153,-19.747328,-7.2004614,-24.460226,-24.161888,-21.662039,-7.54274,-10.83224,-8.515349,-23.735687,-13.830236,-20.837048,-12.850572,-7.431265,-9.534193,-19.77201,-29.739628,-96.21219999999994
12,54.396973,54.597977,85.888306,64.161644,47.04347,71.78589,63.287785,56.402927,61.05896,66.30406,67.94505,66.7585,56.330235,58.27964,65.446266,69.609276,52.504395,69.96301,61.125156,49.208004,36.080799999999726
13,-76.44824,-71.64157,-63.869934,-80.890656,-70.198746,-73.37381,-81.53318,-88.26925,-71.070366,-72.945496,-66.421036,-75.60901,-76.14282,-67.10417,-69.79525,-74.80129,-78.66747,-86.31996,-77.55603,-86.01714,21.952500000000327
14,-157.35297,-155.88469,-145.24956,-170.76079,-140.46175,-176.00394,-177.31712,-176.65303,-158.11792,-144.59326,-151.52092,-150.58849,-166.33426,-163.2946,-151.46684,-152.4895,-154.3942,-169.26793,-166.82466,-169.5418,-188.72949999999992
15,-52.468555,-56.573654,-44.19541,-54.43509,-41.132145,-55.07129,-58.592777,-49.651848,-52.69975,-55.784092,-49.139145,-41.3063,-62.24038,-62.664833,-68.13484,-52.994034,-58.207085,-40.080475,-58.19693,-58.408207,-14.227600000000166
16,-8.790022,-25.661823,-10.794049,-26.382019,-24.158438,-37.348778,-26.937168,-25.380705,-23.047205,-23.536602,-18.774195,0.83014286,-17.859753,-11.787971,-19.852112,-32.12509,-38.385025,-21.606237,-37.961864,-29.333223,-79.89690000000019
17,34.121147,32.20582,34.746014,17.7956,27.761911,18.334227,24.990267,14.131427,20.895502,22.133652,30.029472,27.156998,18.164743,16.466194,26.279816,34.745422,16.330177,24.048721,15.315544,15.937794,81.93870000000015
18,13.759661,9.270791,15.378393,3.926375,16.210505,-0.30839035,-16.715929,-1.4399413,-9.776976,7.3186655,8.005134,18.813156,4.2325196,10.085997,4.2019033,-0.62721115,13.548506,3.966275,-5.403913,0.7761033,-48.746000000000095
19,-11.366668,-15.489343,-13.966205,-31.61377,-14.478754,-19.112106,-17.50985,-29.264519,-29.383598,-18.86082,-12.498676,-12.598464,-36.173897,-27.384144,-20.780756,-18.322533,-24.438719,-17.948833,-17.90242,-25.583523,60.716699999999946
20,41.60092,38.35627,50.60795,45.137325,48.038017,35.26166,26.994865,43.000362,34.498993,50.963963,43.810135,42.99889,47.03503,51.762764,36.83154,40.857742,40.896767,33.730988,31.298195,36.066402,-10.323399999999765
21,40.09639,56.265877,46.67814,37.791943,36.02236,42.549393,36.58276,31.5837,37.954266,46.693607,48.904,50.508663,25.59089,43.852375,42.358913,39.092407,38.850006,44.520454,56.748566,52.033306,41.77579999999989
22,5.68632,7.5777235,20.660654,14.225494,15.630929,10.683555,4.137538,9.510593,10.413232,19.035744,17.83516,16.458374,10.411708,16.84018,6.0698133,5.574699,9.232658,5.7789435,8.630668,15.632537,-17.530699999999797
23,5.158945,18.920622,14.302817,17.827744,7.7961383,11.369888,13.143115,6.5612974,5.289971,18.614601,19.794426,24.07484,1.8328867,23.466515,10.739232,12.227862,14.4592085,21.837011,22.971823,22.532375,-17.296200000000226
24,68.55218,66.64201,67.344284,73.55815,79.98102,73.05499,68.65056,71.5212,69.149055,81.05901,73.74997,74.45546,71.409996,74.22293,67.536865,68.329475,73.53823,71.769966,81.10697,70.66099,90.37469999999985
25,50.707726,51.695354,45.39736,52.047787,47.392017,47.436665,48.11892,46.371876,43.942326,59.356686,59.065536,56.07542,48.434082,64.83209,53.401096,49.047123,44.111847,44.25083,49.835503,50.38837,30.76740000000018
26,21.616814,24.454565,11.713916,22.731388,33.074844,22.73975,26.84247,20.740364,26.14866,35.51002,31.364328,24.73036,27.297483,27.080265,21.733894,23.69945,27.669302,22.26092,23.570272,30.45562,-4.4452000000001135
27,13.812319,17.692072,15.146763,25.294264,26.605982,15.69882,21.406387,27.604914,24.019,23.075108,31.126106,28.445156,21.260721,21.400883,17.545881,18.61704,24.806145,21.83512,30.95921,16.37543,-2.871900000000096
28,7.1039767,19.4964,23.085325,11.624317,22.81143,21.149994,16.06686,15.628513,20.93603,20.138002,27.538427,21.933079,9.144747,21.623268,19.215027,14.76505,23.279955,16.580994,31.241756,16.437056,67.1542000000004
29,4.499818,8.824223,15.772412,2.713919,10.501836,7.909195,5.968138,0.9888592,15.94484,12.65578,13.234406,10.085856,3.8797994,6.5697756,7.665189,16.675951,11.929639,8.016959,13.610532,10.459763,-23.843700000000354
30,12.215668,22.175428,25.639406,14.927825,21.344252,21.61095,26.84108,23.873087,21.08004,28.822882,19.629906,30.788563,12.895784,24.130177,23.216381,29.17071,22.556452,23.977856,18.515406,16.82748,25.564699999999903
31,-107.69814,-110.28349,-102.5166,-111.86059,-115.68286,-124.61697,-122.92729,-115.41445,-104.4172,-98.9851,-106.717606,-100.743706,-107.253136,-100.98771,-109.073166,-103.560684,-110.571556,-112.02283,-113.98475,-114.58392,-187.65059999999994
32,-55.549385,-40.279816,-51.521004,-50.91863,-43.635914,-51.28123,-38.167076,-57.51377,-50.699852,-39.688007,-35.113438,-34.617184,-54.958183,-39.936367,-47.33077,-43.52834,-51.734596,-46.13109,-56.00839,-53.441563,25.964300000000094
33,-20.335789,-28.448864,-25.287558,-32.48584,-27.405903,-45.9948,-44.70949,-29.997305,-29.561998,-37.59967,-27.482168,-32.83657,-28.65863,-29.511791,-37.032436,-35.3521,-36.947376,-37.030598,-38.432213,-39.21804,-79.23090000000002
34,11.408934,21.538506,25.011139,0.8464045,15.064845,8.854298,21.750002,5.6458454,-2.4006548,17.778366,18.737427,17.3641,3.6076837,9.133663,12.463693,11.697097,0.64715534,8.741729,-1.0637248,7.854818,45.19120000000021
35,31.529575,21.89038,36.51132,25.615658,39.364544,24.400074,12.252149,26.00361,15.709014,29.571775,24.289099,42.979836,24.147272,28.423466,28.175556,32.30814,33.005047,21.412233,20.582073,16.511137,116.51109999999971
36,14.921688,11.189011,12.8334255,6.18294,9.312382,9.089493,5.711361,7.9569383,-0.7618723,7.259221,7.4900355,14.611079,1.2399936,7.4455047,12.638687,9.140181,-3.2039804,5.082415,-2.894387,3.796481,10.077100000000428
37,13.182135,6.9354486,19.788794,10.316549,25.43684,9.619942,7.169527,9.2325735,-5.886656,12.715802,15.904402,18.90548,8.021323,5.996638,10.350093,41.468067,16.180786,18.435701,5.374061,5.337346,14.38859999999977
38,21.012453,25.549547,13.232372,29.780483,15.837263,16.487267,12.367912,26.793186,20.018707,13.408687,17.622656,25.330452,14.110798,14.978887,15.328167,10.323216,18.071173,11.966569,16.991344,17.608843,23.19270000000006
39,-25.017685,-28.40903,-22.56242,-32.58948,-32.67326,-26.412601,-25.338884,-26.98459,-28.428003,-16.906322,-24.725672,-25.12425,-41.476883,-29.283974,-29.314621,-30.339422,-25.87753,-35.967445,-27.809406,-30.307695,4.047500000000127
40,-51.281166,-48.078545,-37.833366,-53.031902,-54.549488,-45.056305,-49.769283,-47.927193,-49.5322,-37.867245,-47.944607,-47.212166,-52.009556,-51.19594,-56.404564,-57.150288,-37.685234,-49.081253,-53.70755,-48.9555,-38.831000000000586
41,-33.876495,-27.459305,-6.63944,-26.511091,-31.876627,-18.18185,-18.31025,-35.87572,-20.794247,-8.432008,-21.977516,-9.260211,-27.369822,-24.594889,-21.860535,-45.24078,-7.499181,-21.32157,-18.39753,-15.380543,-57.830499999999574
42,17.497023,31.672646,59.827156,30.931917,28.053938,44.93515,42.66277,33.031796,36.35516,51.81563,43.46956,49.748226,29.40365,37.69765,47.085438,29.717497,51.442772,35.44575,46.50806,32.533237,5.581900000000132
43,16.83984,36.63066,58.54235,30.889633,34.687878,35.08367,30.229717,31.667238,31.693525,48.926067,44.826965,35.973488,26.280817,36.179733,44.139446,33.5815,50.41315,25.892454,39.14104,21.917158,49.19160000000011
44,-4.9833446,13.404875,24.081171,10.244664,6.8394585,-1.0401556,-1.4430171,-1.7339677,5.346996,22.57946,11.966817,10.568152,-4.682073,8.375336,20.747017,6.4211154,23.052626,1.5625123,8.323461,7.2890067,4.869399999999587
45,20.480991,39.045456,47.859615,38.611835,38.999935,28.99013,28.776627,32.247906,41.603672,51.66628,36.66125,44.649544,25.08131,38.028168,44.936234,41.83685,42.822487,33.757236,32.76798,37.61075,6.0615999999999985
46,38.50291,55.1727,58.03868,49.26105,53.348476,48.73732,44.99972,50.912426,50.968468,61.796535,49.874043,54.947384,46.119682,58.615246,56.60508,53.94744,50.13826,46.603004,48.61024,45.1697,34.401900000000296
47,31.360153,43.372093,41.497135,36.920345,37.255615,33.771034,28.969433,30.871418,37.63838,46.05755,35.406002,36.888577,34.833546,46.439053,35.51556,38.0995,29.477686,26.818775,33.25233,30.618307,50.31790000000001
48,29.64484,30.750807,31.803366,33.718067,32.36877,25.957329,26.548182,24.533964,28.958641,39.15868,28.224518,32.188633,30.747604,37.3,26.311346,30.515593,26.621662,20.696669,25.96835,25.175083,63.65189999999984
49,26.522896,32.797516,19.713396,35.11427,25.448807,26.005905,27.624416,31.723017,26.041471,34.48294,25.192299,31.062698,27.69198,38.860474,21.265629,29.246347,25.987303,19.71191,24.718891,20.741367,-19.438900000000103
50,-7.9604716,2.6357598,-17.3148,-1.1603656,-4.856396,-10.633867,-0.8422894,-5.2894855,-6.762088,-1.4501544,-2.7847793,-2.574691,-10.312578,3.5231423,-13.633761,-13.507964,-8.322814,-12.404551,-5.631272,-10.645296,10.597600000000057
51,7.061815,4.489718,-8.539899,4.719786,-3.2246222,-7.197105,-2.0769367,10.059465,-1.5294518,13.226843,1.3820531,-0.2599229,-9.174683,9.948976,-2.4196308,-13.763201,-6.6006613,-11.177684,-1.5928319,1.4678755,-48.98999999999978
52,-5.947616,-4.8013644,-22.325739,-16.023842,-12.90292,-17.138634,-6.6008263,-17.309908,-17.089247,-3.3679867,-8.7342615,-13.346858,-17.463799,-4.531915,-10.940333,-22.962097,-15.953488,-13.547034,-7.68577,-12.088079,18.46389999999974
53,13.334113,10.789978,2.2401528,6.537088,3.046349,3.1604369,7.433525,8.890384,-3.9362078,15.390439,11.179956,10.439644,3.9289298,7.0248895,7.931651,2.2263722,11.435807,5.77579,9.429406,9.765065,-21.61429999999973
54,-23.708595,-18.419104,-14.441565,-21.410877,-15.063767,-23.290613,-11.437935,-21.906221,-25.9009,-13.215002,-6.45072,-6.6953387,-20.327496,-20.837053,-10.285592,-18.328783,-11.4066515,-22.91422,-11.364882,-14.508192,-37.988200000000234
55,41.740997,46.58073,51.476482,42.974796,61.22931,51.79386,44.01405,47.79524,41.93769,53.031757,54.778385,54.152752,45.00748,46.87081,55.82286,52.62502,59.410847,40.177044,59.299007,43.15894,80.81309999999985
56,8.339329,15.672076,26.294811,13.79323,14.711542,10.464853,6.4082546,12.658358,18.676485,19.36248,22.778837,21.160185,10.160309,19.449818,19.823132,23.50165,20.871647,15.753462,17.139566,16.951715,3.270300000000134
57,28.136261,32.19307,38.854637,21.674862,34.754223,28.939152,35.619953,29.830767,30.27619,38.989162,34.22715,34.44377,32.16476,29.962898,38.631054,40.7172,34.56753,29.14155,28.449112,26.214651,5.614599999999882
58,16.293713,21.955008,32.546738,26.285206,34.97865,21.13489,19.758621,31.331146,25.262074,29.378063,26.320658,32.00162,28.490446,33.31234,26.117937,29.03206,32.637592,23.185667,27.285784,19.90351,43.53560000000016
59,-22.930277,-12.822686,-14.422025,-14.356684,-18.664959,-16.112904,-23.497585,-14.769843,-10.240484,-7.881238,-12.418656,-13.552202,-23.544535,-9.526019,-17.180977,-9.732611,-21.107637,-18.157526,-13.962375,-14.625128,-2.473399999999856
60,-37.198963,-31.020178,-28.644644,-36.90118,-26.707512,-30.662987,-33.31023,-34.873806,-29.578695,-23.65162,-26.045324,-27.925777,-36.581554,-32.49317,-36.055103,-27.246275,-29.000803,-28.353918,-34.678234,-31.122953,-42.172000000000025
61,-12.0176735,-5.99236,2.3126569,-2.909196,-8.104168,-1.2305582,-1.5751983,-4.4672055,-2.3628554,4.770461,-3.5287592,4.698701,-7.357375,-0.38450375,-3.068952,-8.752715,1.2692767,-4.8993874,3.4360125,3.8975155,-23.46180000000004
62,12.440258,26.791586,32.581013,23.551414,19.64462,29.853226,29.0098,24.55646,20.955233,29.882225,28.632526,32.442066,20.28217,30.563374,30.238821,26.871275,25.096834,21.709099,31.806192,23.874052,48.9988000000003
63,-11.698753,-3.9219313,2.8680086,-8.313625,-3.257498,-5.657209,-11.223718,-1.5778189,-9.983616,-0.86327183,0.07743432,-6.437581,-6.3347154,-1.0424529,0.612007,-0.7537814,-2.0459719,-10.125821,-4.4295545,-5.4043646,-10.31060000000025
64,3.194337,13.764955,20.630375,7.9823318,17.06562,14.241772,13.594641,14.609122,9.73597,19.368221,15.619649,17.711693,11.113279,13.222676,17.135883,22.096418,17.522974,13.306443,8.418555,7.614142,42.99170000000004
65,-12.450725,-8.819643,-3.0626667,-1.442564,-4.497312,-10.240558,-18.52185,-5.239437,-8.898311,-0.546877,-7.7739635,-0.93955624,-7.862351,-3.8355432,-9.42912,-3.6777043,-6.6275864,-14.967787,-9.439566,-11.864265,15.723399999999856
66,-19.764479,-10.118775,-12.364623,-15.461255,-13.427994,-11.60642,-14.376764,-13.735432,-15.577915,-9.465951,-9.505751,-12.216316,-22.397156,-11.347113,-11.288644,-7.2762904,-17.249771,-19.052534,-13.086778,-14.387029,-4.244900000000143
67,-13.56614,-8.414531,-1.3689164,-9.369612,-3.168036,-9.792737,-13.13437,-9.051402,-10.85866,-1.597838,-6.502339,-4.8434544,-14.150141,-10.827264,-10.958161,0.08724446,-9.140651,-15.115899,-9.5153055,-11.666721,-44.456199999999626
68,-0.22825333,7.4336605,4.38232,-0.30567414,0.13966328,1.3580627,7.1293073,0.22623995,-1.6401248,3.8065207,4.889443,4.5079308,-6.9571605,7.2929053,2.4246929,2.858952,-1.955964,-2.3244982,5.11006,0.08300308,9.162799999999606
69,-12.5071945,-11.585423,-7.304752,-15.1868105,-9.6032095,-15.767229,-20.071,-5.370372,-16.002636,-8.312351,-12.819778,-14.402498,-15.55278,-7.5634,-13.715001,-9.096709,-20.386541,-21.239664,-14.837365,-12.673928,-70.23949999999968
70,-18.591478,-13.694671,-19.369965,-22.268274,-10.130143,-18.975962,-9.4899845,-17.368557,-18.030191,-13.156666,-12.027191,-10.2033205,-19.379303,-19.13844,-14.849625,-6.8816037,-18.607113,-14.175233,-14.638559,-15.023809,-19.69260000000031
71,5.4516344,3.049547,6.8419137,3.417036,8.428022,0.97070676,-3.4159129,5.107086,-2.0631385,7.4772425,6.308149,9.888959,0.44669724,8.7860985,0.64366645,6.1623015,3.1269722,-2.787445,3.2789176,1.7821989,6.348899999999958
72,-3.5418549,-1.9719234,0.13133535,-10.098161,-6.90168,-6.9791493,-6.1522503,-6.075306,-13.193712,-1.8494831,3.3231523,2.2707033,-10.457496,4.284365,0.34455985,0.1298384,-5.097211,-5.8162785,-4.59547,-0.7725348,-12.56959999999981
73,9.596729,6.83338,9.235833,5.977391,11.941375,6.438218,3.6419675,5.500316,-1.8539035,10.26008,11.480817,9.616583,6.1616015,7.189253,11.401851,17.951319,6.092448,-0.99936455,4.220325,5.9749517,18.02930000000015
74,-0.8671541,4.0147576,1.1116723,2.2290144,3.4570765,3.1265142,-1.1642271,5.7418237,-4.2643824,5.3586345,6.818814,4.1225696,0.42247367,11.653089,5.2097454,0.2655968,-2.4767666,-3.7745128,-0.83314115,-3.929266,-11.028800000000047
75,-13.629151,-9.82536,-21.44335,-14.328017,-11.560914,-17.276154,-11.981674,-6.0403104,-19.051443,-12.146156,-9.831149,-14.193034,-20.439589,-12.530875,-10.865764,-8.130044,-17.057943,-20.385328,-12.5739565,-14.677647,-8.082300000000032
76,-8.878916,-8.460536,-14.317237,-11.741627,-7.6726246,-12.363828,-9.264426,-2.0951786,-15.1222,-4.116869,-10.293287,-6.86948,-15.718488,-9.819383,-11.631114,-9.823223,-10.206705,-15.717631,-3.5705066,-7.493417,-7.265100000000075
77,2.6327796,2.1178236,4.743252,-2.3408232,1.037442,9.342375,2.480747,3.952669,-1.735148,6.263272,4.7871165,4.9672337,-3.721869,9.185781,7.562115,6.9091563,7.5571647,-3.0320346,10.994618,5.7053833,54.31970000000001
78,23.380978,24.521074,25.318628,23.169025,24.02467,31.569948,18.9122,22.487955,17.589245,29.073647,25.693485,24.855923,20.743256,29.097172,28.62935,30.53779,25.665373,17.385565,25.641037,24.933575,-1.3710999999998421
79,-9.903836,-1.2383909,0.8194463,-4.570622,0.9226052,1.9421585,-1.4142205,-4.0555553,-11.1706,0.22443807,5.5602145,-0.17632279,0.22125767,-0.3922905,3.3519294,-0.45138556,-10.071096,-6.3204947,-1.0496233,-3.7738428,6.569500000000062
80,-38.78581,-36.33686,-31.449888,-35.72057,-26.763672,-40.90403,-42.127865,-32.264317,-33.23985,-27.57156,-31.37659,-31.590107,-38.093807,-31.585876,-37.084396,-29.645935,-40.328564,-43.769318,-35.92135,-32.345768,-84.59400000000005
81,-38.94355,-27.279184,-39.599335,-31.528742,-28.176935,-38.36199,-28.118206,-37.02181,-30.753061,-29.964144,-28.626307,-28.745447,-37.813198,-32.56023,-30.855026,-26.365042,-38.551865,-35.632053,-29.659763,-29.170565,-81.13509999999997
82,6.4715877,1.2347531,6.028008,4.6315646,10.540116,4.355612,0.46311885,3.3947952,1.7538264,10.11781,6.79861,4.394904,-2.4015365,11.599316,4.950673,4.607672,1.3996488,1.6919373,9.210527,5.541684,0.4786999999996624
83,10.396795,10.777438,9.543864,-0.12847859,1.7068071,6.9726224,8.4787,8.240033,-4.080382,6.6943235,12.836156,11.766012,3.9466996,16.897211,8.706536,12.110632,0.45428807,6.8202143,8.604142,11.169032,4.446000000000367
84,-15.359911,-17.093966,-14.095454,-21.88054,-11.1522875,-21.42844,-19.725737,-16.535734,-29.840906,-16.303154,-11.303039,-12.63144,-20.834938,-17.71045,-11.525391,-2.7378426,-21.484348,-21.167856,-21.134724,-17.505827,-1.1754000000000815
85,-12.039252,-8.358535,-2.7086163,-3.5209832,2.3688293,-8.402939,-13.4172,-0.90305483,-19.26597,-5.9371786,-2.3982275,-2.5664885,-4.780632,-0.90519464,-6.3748403,1.0448389,-9.480868,-12.768598,-8.092642,-16.20677,-8.753099999999904
86,-5.8946557,0.7374828,-0.35460535,-3.0084457,-0.52447027,-2.6309068,-6.408526,3.6201332,-10.802299,-2.5586004,0.13044812,-2.103159,-7.4299083,1.7744032,2.0690572,-0.73336846,-8.569145,-7.5640697,-4.5118213,-9.286807,23.7529999999997
87,-8.472393,-5.9917874,-6.7085133,-12.616816,-8.0955925,-10.9361515,-13.525097,5.1100707,-14.122761,-5.957029,-11.618829,-11.675548,-14.439424,-9.580028,-8.074609,0.86265796,-11.716997,-16.394161,-12.127287,-8.523968,-7.177599999999984
88,-32.118896,-28.388773,-29.731333,-33.56022,-27.580564,-30.90054,-32.006924,-21.928167,-32.163612,-25.12519,-23.31628,-25.193039,-35.026726,-31.668045,-34.26416,-22.387636,-28.159365,-35.80928,-24.6222,-30.265043,-36.17000000000007
89,-25.327585,-22.2692,-17.263535,-19.782484,-20.662935,-18.437849,-20.050495,-15.654629,-19.835114,-15.480082,-19.679106,-12.90915,-26.596292,-15.462732,-24.929289,-22.868162,-17.56011,-20.937807,-13.793285,-16.681387,-0.6079999999997199
90,-9.957018,-0.42107582,3.836785,-5.4933896,-3.4404082,3.7319734,0.08433755,-0.053508617,-1.298326,6.22153,2.979676,5.3691645,-7.5161796,7.696522,2.310125,0.02717728,2.0899467,-0.46178383,6.3489594,4.9077063,18.57699999999977
91,-1.8590758,8.879248,10.87146,2.4221175,8.024691,3.5135124,-0.5482308,2.8817337,-1.0853837,12.054665,8.207161,4.622217,-0.3717122,9.776769,14.833126,12.826707,2.712453,-1.7599005,5.5925894,6.287384,18.16190000000006
92,-11.723752,-3.2645912,-0.15798989,-4.4501762,4.2512755,-7.05881,-11.788236,-9.201046,-10.586014,2.0331213,-0.7158134,-0.84116006,-7.6564155,-1.0505491,4.666666,4.0611944,-6.6708927,-11.810231,-7.4111094,-3.0572367,-21.978700000000117
93,-11.070418,5.603801,1.334217,-1.107415,7.129022,-2.9475172,-0.41662568,-3.7283018,-7.5625334,4.481325,4.936965,2.1903946,-3.9052842,5.1448274,3.5679429,5.3601446,-8.339339,-6.4550514,-1.9614441,-2.0894501,-6.579999999999927
94,-3.9158728,3.895875,-5.318315,-0.20309931,4.5518312,-3.870374,-4.6647835,5.0620112,-1.1751528,7.001236,0.9813006,-0.62003434,-5.043865,9.904189,-0.032550164,1.2517929,-5.1130323,-11.439879,-2.7981524,-1.0537184,7.356600000000071
95,-3.4622085,-1.1535726,-13.813474,-5.25586,-9.883162,-10.891197,-10.770189,-1.7258464,-6.2369647,2.4161553,-4.0599875,-6.3540573,-8.408304,-2.009718,-8.156001,-0.8169227,-10.698676,-11.923098,-9.2487955,-2.658925,-1.396900000000187
96,10.496933,4.389652,-2.482309,5.1158643,4.749046,3.057963,0.8982418,2.0620396,-3.4503384,8.052738,6.0191436,4.539382,3.2032685,10.397717,2.5378158,6.783475,7.4213324,-3.8663356,1.5506577,7.8368483,1.4048999999999978
97,32.51091,28.445074,30.876463,28.20876,29.299839,36.98635,28.649704,33.56686,16.82716,36.502327,35.86334,27.343212,28.09669,40.569016,36.189034,28.753637,34.06437,25.7339,28.472431,27.880983,94.16510000000017
98,33.074635,37.305702,40.472847,33.056812,35.643986,30.947315,32.858257,45.322056,30.9429,38.416813,35.60608,29.839228,34.57983,43.17223,41.207817,39.298733,34.99936,32.140457,33.8793,29.704348,-3.108299999999872
99,-0.2679157,4.1572223,1.6756147,-2.0982451,7.6417556,-0.08701178,5.7091613,9.061128,2.143172,7.1655445,10.330431,4.2549415,6.3717756,3.6665213,8.188304,11.961835,6.2995267,7.052394,8.502018,0.7882541,11.721599999999853
100,-20.507374,-15.401474,-10.377207,-10.774149,-7.723684,-20.834276,-18.311403,-3.555425,-9.407167,0.15401769,-11.687736,-6.040289,-15.7884245,-12.742659,-21.888956,-11.727151,-11.099782,-16.101496,-2.6729321,-12.401876,13.452700000000277
101,-19.917528,-6.94505,-11.429871,-14.949163,-13.386722,-8.326405,-13.644963,-12.729269,-9.371361,1.2890037,-9.997668,-6.495003,-19.00781,-2.2695222,-6.3792596,-7.813971,-11.501042,-11.54735,-3.6272392,-2.6998599,-4.584100000000035
102,1.6496227,7.618549,6.393317,4.2573204,10.491248,12.138306,5.659915,1.7918888,5.905394,15.438581,8.446382,9.32218,5.172742,13.009954,10.561568,14.709083,7.515853,1.715278,6.89205,2.4421809,1.9469999999996617
103,-38.594578,-30.697493,-28.465603,-31.56537,-25.800812,-31.188442,-33.928207,-30.08698,-31.981766,-20.432358,-25.352089,-24.680481,-28.893732,-17.38145,-27.74897,-26.114454,-31.073637,-35.498917,-29.60643,-35.169857,-8.885899999999765
104,-65.71636,-66.90505,-66.23573,-65.91825,-58.00851,-74.40239,-74.54918,-67.02483,-63.104183,-60.737804,-56.610695,-58.187286,-69.00994,-58.945694,-61.043053,-53.441673,-75.18191,-70.897125,-71.54075,-67.50808,-94.08829999999989
105,-35.96473,-35.303875,-39.10871,-36.896732,-22.004156,-42.653374,-32.738026,-37.703644,-36.065887,-28.900204,-25.233505,-28.133947,-36.980236,-33.719482,-34.60541,-21.9857,-39.328007,-37.34298,-38.03654,-34.93053,9.117899999999736
106,16.7631,12.618979,10.209928,7.829696,10.802281,7.622663,2.2624443,18.271303,3.7058253,13.166763,11.613639,10.831574,8.333036,17.625412,7.5532293,13.470911,6.8671255,8.560028,6.564082,10.932751,45.02149999999983
107,3.9244332,2.2504249,5.899263,-7.314103,-1.0660312,-2.3143365,0.89455587,8.320229,-12.548936,-1.4333426,5.9659367,-0.55443823,-3.5314598,2.1035106,3.4359205,9.693669,-0.7353696,-3.4684882,-7.5783734,-0.83135504,-14.393499999999676
108,-7.659717,-13.001987,-3.645297,-13.772955,-2.7627888,-17.664185,-15.798681,0.6615726,-19.235277,-9.506774,-5.8361278,-2.395766,-12.596229,-8.936736,-10.209418,-1.2122309,-6.2225876,-9.631333,-12.489658,-12.282243,12.28839999999991
109,-24.631264,-18.7243,-14.033218,-22.47022,-17.562672,-22.313408,-25.270922,-7.1642075,-26.021608,-14.792536,-14.616289,-10.156606,-27.594849,-10.911504,-19.911789,-18.4075,-18.08391,-19.517878,-16.761374,-22.751368,3.704099999999926
110,3.0730639,15.023185,11.906735,0.7697043,4.154467,6.4735665,3.1466658,13.148849,-1.405299,9.458846,4.129346,0.6387741,-1.0410714,7.3453126,12.405806,15.849815,2.7374458,3.046865,9.771295,4.420066,-10.251600000000053
111,23.327408,27.248285,35.180458,22.808937,24.656694,26.300667,21.855118,25.59167,21.123806,31.542969,24.223331,27.181671,22.93973,26.48444,30.346188,36.074703,22.43463,20.590973,24.863132,23.541397,26.99200000000019
112,-11.19285,0.10639597,1.1922928,-2.9762878,-0.27290004,-0.21582076,-6.3554697,1.8139216,-6.6272335,5.254592,2.0172594,0.04515717,-8.370584,6.735083,0.21997088,1.7480607,-6.6993933,-7.789813,2.0130942,-0.09045168,-13.589300000000094
113,-17.021889,-6.6157594,-11.964754,-11.712942,-6.1379848,-13.900857,-11.044743,-12.576569,-14.986889,-4.0322905,-6.43533,-7.309105,-13.540722,-9.987357,-3.7859561,1.8118339,-20.629068,-17.064562,-12.179989,-7.2395844,-37.67380000000003
114,10.527982,15.411494,14.349015,16.454506,21.031803,13.03096,9.391543,17.216396,9.262897,21.872467,15.836007,17.467588,13.1916275,21.682634,17.35197,21.847105,14.563925,10.732104,20.072655,15.917725,41.41690000000017
115,46.558468,46.80381,46.085106,44.065773,36.848698,48.18725,35.183403,46.529728,33.508686,54.729652,42.08829,39.407032,37.20005,54.961754,44.8895,44.867794,39.119854,36.986496,44.437424,45.408123,16.854100000000017
116,24.977488,22.02498,16.680975,18.257303,19.84527,24.426315,24.456848,19.732878,9.341425,25.056587,20.964512,17.186504,19.541706,21.361242,24.385433,22.28197,19.594389,12.92602,21.161089,22.61434,19.034899999999652
117,-4.177926,-2.5737498,-6.994741,2.4983444,4.4784093,-7.6435013,-2.4111855,9.238595,-2.3952978,11.131281,2.1179724,4.1375327,-1.9776547,5.1545324,-3.093692,2.078876,-3.3716855,-8.626575,2.0445116,-2.2396474,-1.9865999999997257
118,-8.925206,-0.9086549,-7.597963,0.84203905,1.4801636,-6.7125134,-6.9671135,1.09222,-4.885518,2.6768193,2.4190784,-3.6221743,-6.6719213,4.220733,-3.1103742,1.6334901,-2.5880995,-5.5087347,5.8112135,1.8148668,2.870100000000093
119,31.87455,32.812733,33.729244,31.569866,33.34699,36.599915,26.37295,30.859741,25.356184,43.25932,29.692715,28.296303,34.804058,38.46069,33.93526,35.66876,33.986313,26.469175,42.657307,35.911163,56.128200000000106
120,27.038532,29.170183,27.56578,26.98187,25.59228,37.434925,24.19249,27.751715,19.666204,37.297916,31.750425,26.063046,23.018166,36.842995,31.639256,31.042196,26.542078,21.083786,31.73768,29.5043,17.78789999999981
121,8.214953,13.11122,9.114578,10.533278,16.505663,10.286797,12.745555,6.8416038,7.2196965,16.95319,16.33607,11.646333,14.632544,14.169284,17.491089,12.59979,4.6067305,3.7311194,12.811889,12.3283,10.900499999999738
122,-6.1343913,-2.2441602,-3.972405,3.4640775,5.2212195,-8.97154,-5.1429415,4.0950503,1.4011443,8.412959,0.93278146,1.7331287,-4.3149505,7.357954,-1.7258543,3.6784892,-5.9720793,-10.500358,2.5269616,-3.063902,-0.4456999999997606
123,-15.276488,-6.518111,-19.24435,-11.236818,-10.277899,-15.666204,-14.914976,-7.378304,-9.073573,-1.9744431,-8.7759285,-9.751714,-17.380308,-6.341496,-11.876721,-10.847968,-19.031822,-17.8326,-4.8786817,-4.3861375,-28.752800000000207
124,3.6411188,3.259916,-3.394738,2.4733076,1.5210166,2.1578643,1.1113642,2.8379245,-0.77771306,13.267242,5.071737,1.0109125,1.9699464,7.3337917,1.1364279,-0.9042912,1.7307521,-0.4054225,10.1655245,7.3295364,6.82280000000037
125,21.161793,21.828661,22.501928,21.733833,17.445852,26.894829,17.847488,24.891602,11.091934,30.402115,24.256025,19.859516,15.753427,29.26073,24.639805,20.238703,21.687845,17.41124,29.580658,25.12279,54.46429999999964
126,19.336845,21.0844,19.643389,14.913641,18.53931,19.360071,15.273752,17.861395,12.634052,26.490326,22.685387,15.9865885,15.4997635,22.416086,25.713634,22.994337,16.51934,14.18534,22.648495,18.347754,11.308300000000145
127,3.9871132,7.670513,5.8820395,3.8452928,14.265373,3.5978076,6.8532305,5.211366,2.5797486,10.858114,12.486362,8.889506,10.999271,9.648243,13.683384,10.27213,3.3324187,2.7847548,9.745023,7.2557774,-6.671100000000024
128,0.492435,5.059174,6.9417634,5.467366,10.932325,1.3598096,1.9321996,11.934497,1.5204532,13.020614,9.062684,7.890005,3.555192,13.880116,8.225534,7.936424,1.0443035,-1.6211654,9.701067,2.0338056,0.27779999999984284
129,-2.6801507,6.8326845,-0.91259444,-0.6798549,0.40572196,-2.532113,-2.011192,6.0754366,-1.0210701,9.662741,-1.7148006,-1.7188323,-7.3989525,4.7795687,1.8515781,1.7762246,-7.663307,-4.59011,7.13593,1.8778372,-10.731699999999819
130,-5.9742036,-3.4503293,-6.8219485,-7.2566595,-6.3276396,-6.6917024,-8.361516,-4.1867933,-7.7334433,4.163085,-4.6055446,-5.2086496,-6.8659177,-6.374154,-6.753139,-0.8430677,-10.864886,-8.247793,0.804854,-6.362099,-6.966399999999794
131,-8.259699,-7.4838996,-8.078017,-10.427704,-7.9977202,-7.196791,-8.199316,-4.420253,-14.141151,0.5073985,-3.7271352,-4.4803324,-11.328278,-4.382844,-9.4195795,-5.4735026,-8.943539,-12.194926,-1.8370175,-8.047026,-8.69840000000022
132,-8.802227,-5.2175794,-5.233026,-10.740313,-5.007405,-6.960006,-5.9670467,-2.587599,-14.813191,-1.0385696,-1.7846694,-3.873043,-11.462495,-2.9193592,-3.8740149,-4.633681,-9.617564,-11.627458,-1.3448167,-7.5486765,11.109600000000228
133,-10.939931,-13.989467,-10.554755,-17.611872,-9.571314,-19.023642,-15.87977,-7.8103523,-19.48828,-7.056443,-9.735462,-9.303197,-16.814726,-12.201639,-9.893947,-9.447785,-15.373191,-17.828249,-10.126405,-13.918256,-26.19340000000011
134,-4.188596,-4.389652,-0.023503691,-10.151865,0.08564478,-6.120951,-3.5903523,1.3358527,-10.032262,-0.63059735,2.0261786,0.0891026,-7.6504016,-1.5065097,1.1349736,2.6018004,-3.526753,-5.3794165,1.2269294,-3.7210438,3.0120999999999185
135,1.4162192,1.1390498,9.462775,-1.9767647,2.8909945,2.2286117,-3.6744769,10.013381,-7.4217596,5.1290684,2.5730236,3.5438082,-2.2058244,4.5434327,4.79281,4.932833,1.724332,-1.9300284,7.798208,-0.27160946,34.33829999999989
136,-21.633574,-16.778044,-10.5123415,-23.069506,-17.180534,-21.29603,-24.593687,-11.082786,-22.809042,-11.970065,-14.168498,-16.557295,-23.47452,-17.188349,-16.281368,-12.528818,-23.005817,-20.694054,-16.170446,-18.615683,-58.166999999999916
137,-14.1732235,-17.262188,-6.93038,-21.86111,-5.1413655,-17.712795,-13.905798,-12.399411,-16.07097,-7.8906317,-8.033113,-4.62362,-18.65158,-13.627427,-14.7315645,-5.8306766,-17.902187,-14.70976,-11.788121,-16.2108,2.324300000000221
138,-23.547817,-25.066671,-16.370987,-24.086742,-22.5075,-26.212915,-28.373165,-14.029754,-23.001205,-12.374539,-20.751026,-16.233559,-26.187393,-13.771295,-22.694302,-25.500158,-23.800676,-29.695562,-22.780666,-22.714386,-14.984600000000228
139,-13.077404,-2.5626864,-4.8185234,-14.81838,-7.25551,-13.10207,-9.70448,-6.7563176,-15.212252,-2.8125172,-4.7515693,-7.8443103,-15.14444,-6.893007,-3.091812,-2.5728154,-15.287595,-13.31964,-9.264424,-9.388388,-25.953399999999874
140,9.576323,1.2546978,15.516274,-2.6722946,10.53518,1.8839076,-3.7322452,4.9619966,-2.8187995,8.044176,6.6393595,13.073163,2.4495254,3.9115324,7.627246,14.748532,2.3569307,-4.571645,3.313493,-1.9136789,17.893299999999726
141,5.3185706,8.181123,12.838015,3.4229443,8.095483,3.2044444,0.7509082,13.640208,-0.25263858,5.4549036,11.80646,7.709721,2.2081232,14.659255,10.5238695,6.1523376,3.1014118,3.252269,3.9058187,2.6074178,7.182099999999991
142,9.565354,7.4903374,12.533868,0.36236948,10.295334,-0.19516703,0.031812504,5.7984996,-8.204793,6.3179774,5.817222,2.587435,3.8918624,1.2303424,13.107146,16.66795,-2.5833225,-3.472565,-3.3376048,-1.4213476,3.9653000000002976
143,17.548,14.766478,22.899141,12.254366,17.168268,13.668847,5.7646484,24.056372,5.351474,17.497627,13.300555,20.667656,15.745682,15.539394,18.837376,24.02761,14.966764,8.19511,10.895757,8.282345,-5.729900000000271
144,11.852438,15.210832,16.181684,12.98676,13.162752,8.7267,8.098669,25.61628,7.0140295,13.986234,10.820619,13.160546,6.608709,17.578646,15.32142,15.034023,12.836912,10.901208,14.114675,11.304955,27.58050000000003
145,5.3526735,7.2796326,8.45196,5.0033746,-1.234139,1.1285188,-0.31207246,18.241232,0.36969614,13.570139,2.1446664,5.649691,-0.7358146,2.7166348,2.8339465,10.312674,1.0926238,3.2345214,4.123945,1.7585652,21.403800000000047
146,-11.501021,-11.970536,-12.020428,-14.387507,-13.735882,-13.772821,-14.433598,-3.574311,-13.442464,-1.7463988,-3.6338131,-9.149167,-14.44103,-11.633213,-13.161163,-6.070473,-9.472118,-10.472278,-4.995603,-5.9845715,-6.934600000000046
147,-1.6130104,-2.8884878,-0.17339459,-3.089765,-0.1435991,2.7289119,-1.5661217,4.254661,-0.9825344,10.748163,3.7668583,6.101042,-3.2440982,7.250438,-0.5892759,-0.5481649,5.761921,0.38779277,10.360976,4.9849257,-16.108299999999872
148,31.04337,38.469337,46.40638,37.70174,36.43542,46.77774,39.639557,45.81508,35.787197,51.261864,42.54075,41.37382,37.858982,50.358826,45.603382,39.196407,44.75905,37.628815,52.32634,40.18742,48.029799999999796
149,34.436516,45.969746,47.487816,41.928093,40.5845,46.00895,31.277702,46.40053,39.885082,49.059948,42.140182,36.498905,39.90769,47.308556,48.979435,46.29002,44.174747,38.551506,49.30042,40.23937,74.5278000000003
150,1.289315,7.484955,12.569873,11.950121,8.7558775,0.81747776,-3.6569765,2.3556747,11.616788,15.410229,7.8135524,2.8283842,-0.49471045,4.960611,16.72366,14.368531,7.9222684,4.360278,6.7451215,7.5032682,-15.158300000000054
151,-16.960966,-11.701481,-4.9245095,-5.172731,-0.25533336,-12.446873,-10.380225,-6.4026294,-5.476919,1.3769885,-1.6844096,0.20770344,-6.9604373,-0.35153916,-6.43007,0.20419043,-7.914134,-6.6734514,-6.1324453,-6.759897,-0.4819999999999709
152,-17.196608,-6.919077,-9.286845,-5.837203,-5.846227,-13.993647,-16.219316,-4.441656,-7.626025,5.6317387,-5.9753556,-3.2218406,-16.95398,3.1910038,-10.123107,-7.4795804,-14.059445,-14.97671,-8.653479,-6.091025,-5.441100000000006
153,16.92097,32.810085,19.731668,19.458168,18.861303,22.14291,16.124393,20.909273,15.059957,32.912613,16.124153,13.75774,20.268618,26.380363,23.77261,24.907373,16.390701,16.612635,22.713968,23.858625,3.9882000000002336
154,-0.6782812,-5.6916013,-2.07789,-8.535624,-3.6016421,-9.8544035,-9.535026,-2.843734,-12.440897,3.5727828,-4.8645587,-0.20776573,-7.790649,-5.527197,-7.0860586,-2.175056,-9.106563,-13.97164,-9.269954,-11.503016,-23.296900000000278
155,-15.557196,-10.96786,-17.619825,-14.1019125,-11.44609,-20.348,-14.141627,-9.077858,-19.46049,-10.055836,-5.419282,-12.069734,-18.126337,-10.233253,-15.940395,-11.021845,-16.085787,-20.596886,-14.389291,-14.684572,4.9003999999999905
156,13.153368,10.856727,9.59826,7.7552266,11.006374,1.9941458,-0.0016528834,15.093413,0.99907064,15.777303,5.6388106,8.117654,9.32092,8.382617,7.6617165,12.804175,7.382161,2.978964,8.817922,5.811308,-3.8251000000000204
157,2.5431209,4.041319,-1.608806,-3.5557847,-0.26443952,-5.6245584,-2.3952167,4.815745,-7.8392887,4.08919,1.7064471,-2.54515,-3.719285,-0.226293,-0.62856275,1.9488778,-1.1916312,-2.9185889,0.46859342,1.5315053,-17.55099999999993
158,-0.33549115,-1.9240518,-3.4975684,-7.2354646,-2.795652,-10.258566,-6.2689514,4.017947,-11.457888,0.6603006,-0.9295666,0.6877221,-6.3473825,-3.1628618,-5.6982536,-0.34818798,-3.0998492,-7.9739685,-1.0332301,-6.864744,1.979399999999714
159,2.7294784,5.166033,3.724709,0.26948398,3.63634,-2.2013912,-1.5337983,11.700124,-5.7750053,6.7268667,3.1275446,2.123099,-3.0219564,3.6228619,3.5162241,4.5332437,1.6773597,0.607843,6.5797377,2.2300887,-0.2814999999995962
160,12.22142,12.082528,12.690152,4.702699,9.642732,8.890091,6.5869675,16.224306,-1.1914537,11.617532,8.139082,7.692878,8.380212,7.5550923,12.939898,17.05881,9.719072,6.9806767,14.125418,8.113634,4.649499999999989
161,5.6552186,5.273461,10.407634,0.13289636,6.5845118,4.833296,1.1836165,14.455075,-4.96672,6.977375,3.304722,5.5132537,1.1565509,4.3614492,8.021358,8.547204,5.798461,1.5577906,11.115372,2.6020737,10.8141999999998
162,-10.103222,-7.0436983,-4.021022,-12.4927025,-7.1318717,-10.895483,-11.018082,2.7488873,-12.458254,-2.4378397,-5.942118,-7.0886145,-15.994543,-9.229203,-4.0658793,-5.1694207,-10.3166895,-9.688083,-1.5034335,-8.011603,-22.185599999999795
163,-12.648499,-9.213612,-7.2301755,-15.40418,-7.9630656,-10.88183,-12.211866,-3.2359605,-14.662704,-4.3904734,-7.4975066,-7.0454082,-15.916124,-11.003963,-6.969719,-4.4806952,-10.822824,-11.036732,0.3926906,-9.136379,4.046600000000126
164,-0.6672435,1.2869954,6.556174,-2.7607708,0.8000575,5.0236936,-3.4708946,9.521541,-4.752843,8.523149,1.9065006,0.87517846,-6.678524,2.9783688,4.4809,3.646925,0.6778098,-2.361185,9.384898,3.7925417,4.7432999999996355
165,6.9648013,11.923465,17.980272,5.9218984,9.806091,15.00035,8.502069,13.178655,3.509921,16.823757,10.677632,7.7329917,3.3680453,11.606952,16.939789,17.01116,8.381835,6.1453457,19.462053,12.536022,18.61740000000009
166,-2.65352,-1.6611962,8.943894,-5.3581443,5.018537,1.2404063,-6.0792494,5.393527,-7.3878098,5.6064205,-0.19856761,1.7610399,-3.3475215,-0.048108723,7.9893885,6.5210304,-3.1170664,-8.311512,5.1137395,-2.3140917,1.215400000000045
167,-4.405642,5.608125,9.138976,-2.0995607,6.612492,1.070554,-2.3382266,6.679418,-3.792611,6.276816,2.5028937,-0.07834699,-3.843677,1.2636105,8.48935,8.310935,-6.0056868,-6.441346,3.9221747,-0.46655557,4.02619999999979
168,-9.895542,-9.532067,-5.1834574,-14.182728,-4.600741,-12.086771,-17.213026,-3.1020703,-11.874611,-1.1590127,-10.3456545,-7.583583,-16.457083,-9.10762,-8.6584015,-4.94347,-16.5356,-18.800192,-7.2013392,-11.104629,-17.099499999999807
169,-26.577347,-19.90398,-26.59302,-33.922432,-24.012012,-27.370298,-29.877098,-15.402826,-23.360746,-18.668474,-22.359995,-22.923944,-34.81875,-26.398699,-28.976973,-22.559593,-33.09916,-31.121305,-19.69475,-24.49495,-56.877700000000004
170,-16.859592,-13.804764,-15.851743,-23.329624,-16.134556,-18.706532,-16.70081,-10.1402025,-21.783937,-10.685972,-13.27567,-14.165108,-24.041664,-13.567926,-18.392973,-17.476965,-20.905743,-20.035875,-9.498965,-14.544499,1.5324000000000524
171,10.246616,7.546848,9.406864,-2.021484,1.2228465,6.458797,2.6525695,13.695787,-5.2538633,13.658307,3.9408,1.3153638,-4.7231536,11.130176,5.826145,5.3129935,0.9782143,4.1145544,12.152543,8.163783,-20.66090000000031
172,7.578613,4.92724,6.9069834,-1.8349855,4.0999293,3.76665,6.4963202,8.11467,-6.4914036,6.84194,7.9524593,2.8365223,-2.2853494,2.61797,10.342104,10.560503,4.620759,0.86094433,10.8839655,7.463203,23.202700000000277
173,4.2498946,-5.99599,6.5220313,-8.384129,3.381229,-5.6789865,-8.443185,4.7934294,-10.756435,3.2521775,-0.2657783,-1.3129288,-5.337556,1.2761604,3.403536,2.0398922,1.7812272,-5.817308,3.5979488,-1.8140092,-3.051800000000185
174,0.15932849,5.0227447,8.752566,-0.64967304,7.011961,3.0056136,1.4932529,11.007974,-5.3449526,4.508115,8.4097395,1.6761895,-2.1045809,6.6235633,10.769412,9.509481,1.3912624,1.6517648,9.522683,3.6069536,2.8740999999999985
175,1.0463343,1.7121708,11.087291,-3.9997125,7.656556,0.10261611,-4.326805,10.101456,-6.341103,7.8292146,0.99701476,5.4711423,-0.9296799,4.121979,9.7274065,9.442056,0.31187445,-3.3396094,6.664513,-1.4386251,16.439600000000155
176,-16.099724,-11.18043,-9.969588,-19.018414,-11.383693,-15.611721,-17.75525,-1.3790945,-9.664726,-6.21768,-9.462065,-13.111174,-22.122398,-11.367123,-12.372786,-10.029743,-21.934233,-18.78639,-7.543239,-12.704499,-8.41760000000022
177,-34.983414,-31.905039,-32.46672,-41.652695,-28.841288,-37.94291,-41.792015,-28.24168,-30.849146,-23.10605,-28.430294,-27.047089,-38.70357,-36.337425,-37.387623,-28.121386,-42.283764,-37.01198,-28.618473,-34.91193,-53.46609999999964
178,-17.328611,-9.340902,-11.140749,-19.244967,-10.845317,-14.704425,-14.392801,-9.717439,-15.337378,-7.624098,-6.659081,-8.813909,-19.283772,-5.442896,-16.41106,-10.759318,-19.06784,-14.845351,-7.655967,-11.345566,17.74279999999999
179,19.027748,17.636812,18.463171,9.537547,12.687192,13.982315,7.655774,22.483236,7.717251,21.425947,13.241094,9.166877,6.81751,22.874355,16.078987,15.754416,9.493543,10.838547,17.192797,13.659245,-10.314700000000357
180,8.167733,1.9574466,3.6870518,-5.571124,2.1480541,-2.4130008,1.8458384,4.4270606,-9.572248,3.803433,4.820557,-0.22200122,-2.8659291,-3.6480107,7.0373673,9.380868,-3.604209,-5.2876754,1.6434836,0.022858417,10.625100000000202
181,0.15237144,-10.266618,-5.2413936,-12.353109,-5.5375853,-15.163584,-13.274473,6.6482844,-14.9826145,1.5375587,-4.528445,-3.271411,-9.645594,-3.4231987,-8.574374,-2.5303879,-5.2521524,-12.151018,-4.477797,-11.153856,6.220299999999952
182,5.754042,9.480598,11.242578,8.972474,11.844379,8.8894415,4.0491433,21.697622,1.1923752,14.055599,11.677456,5.523631,6.101032,14.1114025,11.61061,16.715702,14.198342,9.564183,15.540664,14.603514,43.439800000000105
183,29.357569,27.000154,32.37651,23.664316,25.181345,31.029615,18.538952,34.97211,15.138279,30.781796,18.445139,23.429268,24.019455,26.524605,28.098791,33.99985,26.650656,25.565645,29.2916,24.0367,17.10689999999977
184,-2.7602365,5.5087285,6.644538,3.1903806,6.6563544,8.985458,2.1690834,8.942829,-1.066124,6.4696875,9.328015,5.6081786,-0.38184214,8.22383,9.755412,9.171214,2.3793154,2.6118999,12.70104,4.918906,-6.751600000000053
185,-4.2770944,6.301538,6.183882,-0.24450165,8.014686,2.3638635,-2.2935288,7.970267,1.2631643,11.472584,5.167253,4.9080997,2.542797,6.5110464,8.755504,10.347665,-0.46111196,-2.1340947,7.2659483,-1.5890012,2.847700000000259
186,-14.324802,-1.474025,-7.636629,-7.0561075,-2.3688147,-10.409164,-14.636463,-3.139353,-4.1827683,7.244836,-5.306973,-8.594697,-13.443226,-3.240399,-4.907596,-0.5596004,-13.349315,-11.678227,-2.6359546,-5.727146,2.4627999999997883
187,-15.976648,-9.97729,-16.106298,-17.36164,-12.037078,-18.253893,-21.432106,-11.387074,-13.226276,-1.3551828,-12.733123,-13.762007,-16.32266,-15.184802,-18.137783,-6.9871526,-19.873034,-17.675829,-14.897502,-14.750806,-22.642299999999977
188,3.831235,7.260575,1.8704282,2.107975,6.7456603,1.5018508,0.9086874,5.434234,-1.5341525,13.12864,6.9775853,2.1389196,2.5655656,11.282299,-0.648192,10.581366,5.3952694,-2.3616776,3.7070706,3.160187,42.70880000000034
189,20.283909,17.990686,18.46803,16.079048,14.843662,13.615237,11.426337,24.544088,8.720686,25.594355,15.932742,12.932912,14.320691,23.518147,18.026432,18.564896,16.919796,12.852955,16.221846,15.302823,0.8437999999996464
190,16.20031,12.613156,8.859536,8.971976,13.251814,10.457352,12.734554,18.416407,4.365372,14.6397085,14.151719,7.2630477,16.736494,14.148875,16.87373,19.566328,13.385001,10.961772,11.185285,11.441662,-0.26119999999991705
191,23.213703,24.987736,27.204855,22.44857,29.27207,26.433918,17.568264,40.68519,18.956827,33.63394,23.373135,29.58052,32.011673,28.38784,28.272625,31.323524,29.452671,23.947933,30.758562,22.105257,6.4835000000002765
192,12.585886,26.04576,29.57092,26.5089,24.088377,28.167284,20.26309,34.050728,18.694632,27.68013,25.053543,21.584429,20.784857,28.146635,26.394934,29.348345,29.039474,26.652357,33.201992,26.740234,37.30549999999994
193,4.8717513,11.599514,11.597148,8.365914,5.2724795,5.090456,0.22547705,11.205089,5.8612995,12.4663315,4.1533065,7.383107,6.312775,3.4382071,5.9439015,17.788488,9.748757,8.03824,12.713351,4.9850044,3.6918000000000575
194,-21.831219,-13.959662,-15.102054,-12.41007,-6.73761,-13.5507765,-18.225508,-12.790853,-12.976427,-5.413808,-6.1335654,-10.096184,-15.9688225,-11.487624,-11.602057,-3.7802954,-9.176341,-12.848327,-6.6459117,-13.0626335,-15.626600000000053
195,-21.694727,-13.4635315,-11.371888,-13.119671,-9.008712,-15.350719,-18.108902,-12.183122,-13.626112,-2.2375824,-6.498811,-7.6976266,-15.897743,-6.8667207,-14.754325,-9.363233,-12.860984,-18.779837,-9.901523,-14.277902,-3.9621000000001914
196,-12.824411,-2.8035724,-6.8339543,-8.419237,-4.913672,-7.6483116,-10.5088,-4.0561137,-9.650624,4.342096,-3.6535614,-8.366479,-12.412653,-1.5775741,-4.817117,-2.5442624,-8.627876,-11.660542,-5.013703,-7.3825054,-8.079499999999825
197,4.3455043,8.093659,7.6650724,0.7156667,5.8676124,4.1689935,0.9978779,8.250756,-2.7594802,10.306002,3.4454572,4.077401,3.3443217,2.565604,7.0145397,12.739263,2.9533892,-1.6384171,4.3855195,-0.10635825,-3.7782999999999447
198,8.028819,9.307284,13.0698,3.517435,11.660382,7.764278,3.9995944,15.461526,-1.3438699,10.949882,9.000818,7.8675947,6.894161,8.090054,9.2937765,13.38716,10.037312,2.5508654,10.179786,2.927367,21.943599999999606
199,-0.38802955,0.057908304,4.189461,-1.6419039,-0.21357745,-5.996099,-6.2044225,9.607979,-7.1684923,3.2559955,1.5930388,-1.2345966,-4.271052,-2.4180832,0.020279579,4.3824067,0.36285883,-0.57284015,0.9356515,-3.247657,-19.702999999999975
200,-2.4250011,2.0455189,1.3084008,-3.297583,2.9525664,-4.4860353,-4.2186465,6.5484915,-7.355932,3.9277596,4.055291,0.7437803,-1.2857232,-2.761673,0.32033557,8.507548,1.8857652,-0.43603748,4.830031,-3.745022,26.202999999999975
201,8.287588,9.191859,16.408003,10.167148,10.6691675,9.165419,0.64202815,18.480536,2.177832,13.536455,8.282029,10.004328,5.757419,10.323646,7.704325,13.376197,12.316025,8.306296,10.351808,7.5269246,-3.6188999999999396
202,10.771547,19.579422,19.446993,12.327521,16.871107,16.523468,12.584204,18.314821,9.347963,19.526775,16.381477,14.571043,11.026449,17.75394,19.56293,22.876781,15.279384,13.651065,21.704884,15.689932,8.015900000000329
203,0.14249519,2.639276,8.937707,-2.0993876,5.3117914,0.057279624,-4.5449877,10.629045,-3.1611366,9.837412,0.6092622,5.845922,0.014984116,2.9169588,6.411849,6.972456,2.536807,-3.2475417,4.208499,-3.665582,14.554899999999634
204,-12.0394125,-2.8665953,-5.6134105,-5.7049,-4.3747044,-9.748555,-12.29865,2.6941,-6.389326,6.209923,-2.9410298,-5.8778477,-12.7955065,-3.8496358,-3.037277,2.5215569,-7.8228245,-6.849597,-1.4662197,-3.772884,-19.517299999999977
205,15.412579,19.398336,16.24137,11.577369,19.397234,14.98135,8.670125,20.33152,8.203333,25.097433,13.627636,16.032696,18.58697,16.26562,17.659645,27.712322,15.67205,13.421726,20.559057,14.538915,42.91180000000031
206,23.570234,26.807924,29.497364,26.363342,23.102545,30.094183,17.285088,31.60903,16.691446,34.813366,20.857113,21.918879,19.575115,30.782234,25.928497,26.635397,24.791485,22.053686,26.258926,27.594645,24.761599999999817
207,16.909138,18.292871,17.023956,14.287236,15.915596,18.766117,14.829222,20.606855,9.046438,22.569529,16.156155,12.721923,16.231672,18.092815,22.831701,22.427515,15.816185,13.723078,19.301626,17.160242,14.32739999999967
208,16.644627,18.224436,21.214437,14.407114,22.110256,17.591972,11.8152275,27.059227,12.107426,25.292336,13.711118,20.101534,21.417307,20.295616,23.061659,25.596426,17.39297,14.54794,18.918377,14.842531,-3.3851999999997133
209,8.385382,20.511543,17.25502,16.156647,18.424093,16.27535,10.665576,24.467047,11.142382,22.225292,14.527977,13.17022,10.286807,22.354029,17.164032,19.049791,13.793387,12.570736,21.9348,16.4411,-1.928599999999733
210,4.992422,9.036927,8.996805,5.9785504,4.8654556,4.3798504,2.2248876,15.044876,3.415891,17.475277,3.6100972,4.8992467,1.9008632,6.227039,6.740116,13.606492,3.183506,2.641719,12.725484,4.4799504,3.395299999999679
211,-6.3119645,-4.4123883,-7.5140214,-6.1091337,-7.5777783,-7.454572,-8.434753,3.1158183,-7.643523,6.5617833,-3.7622297,-6.169692,-11.188453,-6.687781,-6.868115,0.84304947,-6.613723,-7.2589016,1.1069875,-3.535834,-15.596599999999853
212,0.5806639,1.2168763,-0.14720288,-0.028546866,2.4424245,3.7055995,-0.5398533,6.243138,-4.743351,10.658922,5.2926817,1.6315538,-1.3079963,5.5126386,-0.30870348,7.50874,4.6678267,-1.5267314,9.458219,4.411243,25.291799999999967
213,9.89991,7.7825956,11.628962,6.4744725,7.5840297,9.998163,4.225127,13.246986,-0.070356116,18.513224,9.040822,6.408346,2.7984228,12.745695,11.9572115,11.282039,8.692902,3.4142153,14.146187,10.050322,30.20400000000018
214,3.3154817,1.7724733,3.4109125,-2.6424956,4.702079,-2.3157947,-1.6716024,6.699432,-2.978345,8.69919,3.7156508,0.21354565,-1.9883208,1.2451354,8.737847,6.178575,-0.8984589,-1.7177321,4.2491918,1.8221116,-7.215100000000348
215,3.3931668,3.070148,5.162893,-4.2266474,6.905096,-0.1523163,-0.5408847,8.378881,-3.4954097,8.675132,2.2967005,5.8371053,3.2338705,4.0790296,7.7588663,10.904356,0.8930941,-1.0102569,6.3490067,-0.33544657,0.5993000000003121
216,1.6353974,4.79174,5.668488,-1.4557295,3.031685,1.4247974,-2.1318963,14.607406,-3.3892817,9.447038,1.8376243,3.086769,-5.5448356,6.700463,5.9614115,3.1210313,0.089260176,-1.7238436,9.991508,1.4991457,20.201900000000023
217,-7.20354,-4.696671,-3.257856,-13.351225,-9.656468,-12.188888,-11.102178,2.0399268,-9.426498,2.128952,-6.8986897,-8.0064745,-15.650707,-11.331716,-6.3288007,-2.8611627,-13.321239,-10.109166,-0.88802654,-7.9152517,15.061799999999948
218,-19.9017,-24.297636,-19.332685,-30.412434,-21.12773,-26.166214,-28.939768,-17.309288,-24.034676,-12.407585,-18.013527,-17.06655,-28.57665,-26.092045,-24.443123,-17.514555,-25.480806,-27.32439,-16.679232,-21.584211,5.924199999999928
219,-21.526968,-23.27373,-17.608236,-28.580727,-20.112806,-22.564783,-26.112171,-19.00755,-24.758944,-9.923215,-14.305124,-14.097526,-28.012945,-17.923084,-20.45094,-18.885777,-24.710981,-29.17337,-15.237235,-17.218218,-32.88940000000002
220,4.20691,9.40195,13.60031,-1.9181805,7.179767,0.7180007,3.251784,5.549958,-0.5290822,12.144418,8.825301,3.8224616,2.0266008,8.40449,12.376685,6.218454,-1.8953904,-5.165079,7.5529323,2.7638233,23.27489999999989
221,0.98859644,-5.0126276,3.8805566,-10.782249,-2.8130927,-11.593965,-16.39398,1.626454,-13.5329685,1.6113547,-5.4955688,-8.327237,-10.857885,-3.4709,1.7341281,-2.2398515,-10.39224,-13.466248,-5.274649,-9.006779,-29.466100000000097
222,-8.857764,-12.177382,-9.201797,-18.93672,-7.9622073,-18.0714,-12.571037,-8.156747,-18.483961,-10.577109,-7.628529,-11.4107485,-17.67394,-18.191256,-4.838106,0.39276975,-18.930038,-19.53372,-10.4324045,-12.549047,-39.134000000000015
223,-1.6965516,-9.59807,-1.2874111,-12.249533,-3.3189678,-8.772337,-12.06308,4.4358974,-15.166643,-0.031624433,-3.7337148,2.106253,-9.047633,-2.345551,-6.2950664,-3.6477933,-2.4100218,-10.824,2.5540106,-8.319885,-5.061899999999696
224,3.4267125,8.274114,14.100216,-0.700151,5.144637,6.5916176,6.447655,21.862104,-5.5875354,12.5050745,11.341083,5.7968907,-5.2530656,8.348645,11.580203,8.944961,7.7350583,7.326823,20.164986,10.968868,22.5942
225,7.2640004,0.25531244,13.976655,-5.97273,3.6995938,2.0389183,-4.1847563,8.741317,-9.447609,5.2832317,3.2516615,2.0917845,-5.807386,-3.9691458,6.46199,12.940549,5.541569,-0.6643955,9.96237,0.88542277,-6.875700000000052
226,4.1336594,1.4323499,19.86907,0.26917833,10.1014595,8.769339,1.3342041,12.992877,-3.4297721,8.552742,11.453094,9.785181,1.0374036,7.264164,14.2829685,15.358651,7.4858212,2.4074535,15.570503,5.1732435,17.51760000000013
227,-32.747437,-34.53036,-19.951937,-32.88032,-26.741346,-34.442177,-35.8737,-20.18172,-33.28346,-18.375683,-22.922293,-27.024822,-33.674072,-23.482533,-26.961025,-28.134134,-31.584295,-36.524086,-24.198528,-28.984423,-79.91300000000001
228,-25.076744,-17.995766,-14.929828,-27.073187,-14.446696,-23.532219,-18.544476,-16.021433,-21.587574,-10.4840555,-11.310678,-16.704485,-30.21951,-18.03333,-11.940385,-8.349832,-28.072115,-25.98086,-14.247313,-18.523819,2.0670000000000073
229,-4.894631,-10.702313,4.1396737,-14.764791,-3.9684463,-9.4578285,-18.426638,-1.0046762,-14.389926,1.6864642,-5.8716483,-5.7111626,-12.293932,-5.817328,-9.988139,-1.6205969,-14.226156,-15.286226,-6.4899077,-8.409337,-14.506600000000162
230,3.364555,6.775185,11.839463,-3.7496705,4.2842383,0.2951968,4.198695,7.3617826,-6.9872794,7.6115766,10.424042,0.85858023,-6.1306853,1.8001624,8.69529,9.04185,-2.2107368,-3.0439975,8.974075,6.1665573,-22.853799999999865
231,6.178113,-11.941776,7.773295,-12.413235,5.0858374,-7.7847753,-13.127249,3.9253173,-14.985969,0.31048906,1.0812256,4.567603,-8.239904,-5.904589,3.3298619,6.147164,-4.042958,-12.602845,-2.342011,-9.094166,5.304499999999734
232,-4.99079,-5.1364694,-1.4981431,-13.187897,-6.605739,-14.7855,-10.9939785,6.5977235,-15.115616,-4.3922606,-1.0814984,-5.690129,-17.146576,-2.8509717,-0.7402361,-4.957321,-13.283196,-8.866887,-5.818638,-5.835068,-4.896899999999732
233,0.058472663,-3.2968707,0.10207042,-13.642579,-2.7417893,-12.033455,-11.623294,2.4276807,-19.001163,-4.8785305,-5.0638795,-4.9724007,-12.014872,-13.902832,-0.5182732,8.2114935,-6.739773,-10.175326,-0.6465815,-6.094744,-15.208700000000135
234,14.673389,5.7444916,17.38996,3.6728826,8.918527,13.659423,4.4706326,17.880014,-3.6616967,11.088223,9.947093,11.416807,4.220159,11.559581,12.017,15.556525,12.010169,8.209668,20.260176,11.19202,34.55380000000014
235,6.8134503,6.4290137,18.119047,1.390451,4.1781974,12.012344,5.0999146,18.259348,-3.2650223,12.502398,10.4568,7.0493283,-4.6851325,8.893662,14.412597,9.163385,5.3852005,5.171127,16.646832,12.139881,2.1282999999998538
236,-6.526279,-7.261956,6.410031,-13.644253,-3.860576,-4.7680297,-6.460305,-0.8941792,-12.807597,-0.8294462,-0.81076,-4.553565,-12.765833,-8.093737,7.828659,3.251707,-9.736826,-11.674874,3.736304,-4.74532,-29.403600000000097
237,-5.5728703,-4.131178,12.891169,-6.5653167,5.3304067,1.4284954,-4.9034095,5.801524,-4.8008776,8.102103,2.727877,3.030797,-5.213417,4.4476666,5.6877236,7.97274,-1.6912287,-6.0602083,10.599107,0.27435687,12.414600000000519
238,-5.5061603,-1.951791,6.653977,-7.8230186,-2.6624472,-2.8750403,-6.0576344,7.5566955,-6.23067,10.673603,-0.96555686,-5.8601136,-14.665539,1.0103737,2.142954,2.3041577,-9.268161,-8.58546,4.831862,2.3977726,-7.9050000000002
239,-1.670448,-0.7742572,9.038057,-7.3312893,1.2629856,-1.897166,-4.4888954,0.97121274,-7.3458896,8.065385,1.1382473,-1.5488585,-7.1083813,-6.5893564,6.529492,11.623157,-8.433391,-8.338177,6.422096,-1.3589559,-12.428300000000036
240,11.665208,5.4281507,24.78995,5.7751927,16.000246,14.078997,6.769678,17.070545,1.7728624,17.68367,14.431681,13.184636,6.292772,12.071586,14.847758,21.416496,7.0796733,2.7884786,18.031414,9.801972,-6.138900000000376
241,19.33921,20.69475,33.31156,12.691794,21.435701,20.108173,18.104805,26.756487,8.858011,22.139965,21.142015,14.570635,13.168874,20.56715,28.298037,24.975317,10.773313,10.827039,21.472641,16.314117,7.5405000000000655
